"","ID","survey","subam","subam_type","isolation","treatments","Anax","Berosus","Bidessonotus","Buenoa","Caenis","Callibaetis","Ceratopogonidae","Chaoborus","Chironominae","Copelatus","Culex","Curicta","Derovatellus","Elachistocleis.sp.","Erythrodiplax","Heterelmis","Hydrocanthus","Hypodessus","Laccophilus","Limnocoris","Liodessus","Microvelia","Notonecta","Orthemis","Oxyagrion","Pantala","Pelocoris","Physalaemos.nattereri","Progomphus","Rhantus","Scinax.sp.","Sigara","Tanypodinae","Thermonectus","Tholymis","Tropisternus"
"A01","A01","1","1","center","30","control",0,0,0,0,0,0,0,0,0,0,21,0,0,0,0,0,0,0,0,0,0,2,0,0,0,0,0,0,0,0,18,0,0,0,0,0
"A02","A02","1","1","center","30","pasture",0,0,0,0,0,0,0,0,0,0,0,0,0,0,0,0,0,0,0,0,0,0,0,0,0,2,0,0,0,0,2,0,0,0,0,0
"A03","A03","1","1","center","30","sugar_cane",0,0,0,0,0,0,0,0,1,0,1,0,0,0,0,0,0,0,0,0,0,0,0,0,0,3,0,0,0,0,18,0,0,0,0,0
"A04","A04","1","1","center","30","control",0,0,0,0,0,0,0,0,0,0,8,0,0,0,0,0,0,0,0,0,0,0,0,0,0,8,0,0,0,0,0,0,0,0,0,0
"A05","A05","1","1","center","30","pasture",0,0,0,0,0,0,0,0,0,0,6,0,0,0,0,0,0,0,0,0,0,0,0,0,0,4,0,0,0,0,0,0,0,0,0,0
"A06","A06","1","1","center","30","sugar_cane",0,0,0,0,0,0,0,0,1,0,0,0,0,0,0,0,0,0,0,0,0,0,0,0,0,3,0,0,0,0,0,0,0,0,0,0
"A07","A07","1","1","center","30","control",0,0,0,0,0,0,0,0,0,0,7,0,0,0,0,0,0,0,0,0,0,1,0,0,0,1,0,0,0,1,5,0,0,0,0,0
"A08","A08","1","1","center","30","pasture",0,0,0,0,0,0,0,1,1,0,3,0,0,0,0,0,0,0,0,0,0,1,0,0,0,1,0,0,0,0,1,0,0,0,0,0
"A09","A09","1","1","center","30","sugar_cane",0,0,0,0,0,0,0,0,5,0,16,0,0,0,0,0,0,0,0,0,0,0,0,0,0,2,0,0,0,1,0,0,0,0,0,0
"A10","A10","1","1","center","30","control",0,0,1,0,0,0,0,0,2,0,8,0,0,0,0,0,0,1,0,0,0,0,0,0,0,9,0,0,0,0,0,0,0,0,0,0
"A11","A11","1","1","center","30","pasture",0,2,0,0,0,0,0,0,1,1,9,0,0,0,0,0,0,0,0,0,0,0,0,0,0,1,0,0,0,0,0,0,0,0,0,0
"A12","A12","1","1","center","30","sugar_cane",0,2,0,0,0,0,0,0,6,0,127,0,0,0,0,0,0,0,0,0,0,0,0,0,0,12,0,0,0,2,0,0,0,0,0,0
"A13","A13","1","1","center","30","control",0,1,0,0,0,0,0,0,1,0,38,0,0,0,0,0,0,0,0,0,0,0,0,0,0,1,0,0,0,0,0,0,0,0,0,0
"A14","A14","1","1","center","30","pasture",0,0,0,0,0,0,0,0,1,0,13,0,0,0,0,0,0,0,0,0,0,0,0,0,0,2,0,0,0,1,0,0,0,0,0,0
"A15","A15","1","1","center","30","sugar_cane",0,0,0,0,0,0,0,0,0,0,0,0,0,0,0,0,0,0,0,0,0,0,0,0,0,2,0,0,0,0,0,0,0,0,0,0
"B01","B01","1","1","center","120","control",0,2,0,0,0,0,0,0,0,0,1,0,0,0,0,0,0,0,0,0,0,1,0,3,0,13,0,0,0,1,2,0,0,0,0,0
"B02","B02","1","1","center","120","pasture",0,2,0,0,0,1,0,0,39,0,0,0,0,0,0,0,0,0,0,0,0,0,0,0,0,0,0,0,0,0,1,0,0,0,0,0
"B03","B03","1","1","center","120","sugar_cane",0,0,0,0,0,0,0,0,0,0,2,0,0,0,0,0,0,0,0,0,0,0,0,0,0,0,0,40,0,0,0,0,0,0,0,0
"B04","B04","1","1","center","120","control",0,0,0,0,0,0,0,0,1,0,0,0,0,0,0,0,0,0,0,0,0,0,0,0,0,3,0,0,0,0,2,0,0,0,0,0
"B05","B05","1","1","center","120","pasture",0,0,0,0,0,0,0,0,0,0,9,0,0,0,0,0,0,0,0,0,0,0,0,0,0,3,0,0,0,0,15,0,0,0,0,0
"B06","B06","1","1","center","120","sugar_cane",0,0,0,0,0,0,0,0,0,0,5,0,0,0,0,0,0,0,0,0,0,0,0,0,0,4,0,14,0,1,0,0,0,0,0,0
"B07","B07","1","1","center","120","control",0,2,0,0,0,0,0,0,1,0,3,0,0,0,0,0,0,0,0,0,0,0,0,0,0,1,0,2,0,1,0,0,0,0,0,0
"B08","B08","1","1","center","120","pasture",0,0,0,0,0,0,0,12,2,0,1,0,0,0,0,0,0,0,0,0,0,0,0,0,0,2,0,46,0,1,0,0,0,0,0,1
"B09","B09","1","1","center","120","sugar_cane",0,0,0,0,0,0,0,0,1,0,0,1,0,0,0,0,0,0,0,0,0,0,0,0,0,0,0,1,0,1,0,0,0,0,0,0
"B10","B10","1","1","center","120","control",0,0,0,0,0,0,0,0,1,0,4,0,0,0,0,0,0,0,0,0,0,0,0,0,0,3,0,0,0,0,0,0,0,0,0,0
"B11","B11","1","1","center","120","pasture",0,0,0,0,0,0,0,0,0,1,2,0,0,0,0,0,0,0,0,0,0,0,0,0,0,1,0,0,0,2,0,0,0,0,0,0
"B12","B12","1","1","center","120","sugar_cane",0,0,0,0,0,0,0,0,1,0,5,0,0,0,0,0,0,0,0,0,0,0,0,0,0,6,0,0,0,1,0,0,0,0,0,0
"B13","B13","1","1","center","120","control",0,0,0,0,0,0,0,0,0,0,1,0,0,0,0,0,0,0,0,0,0,0,0,0,0,0,0,0,0,0,0,0,0,0,0,0
"B14","B14","1","1","center","120","pasture",0,0,0,0,0,0,0,0,0,0,6,0,0,0,0,0,0,0,0,0,0,0,0,0,0,1,0,0,0,0,0,0,0,0,0,0
"B15","B15","1","1","center","120","sugar_cane",0,1,0,0,0,0,0,0,0,0,2,0,0,0,0,0,0,0,0,0,0,0,0,0,0,4,0,0,0,0,0,0,0,0,0,0
"C01","C01","1","1","center","480","control",0,4,0,0,0,0,0,0,9,0,0,0,0,0,0,0,0,0,0,0,0,0,0,0,0,5,0,5,0,0,46,0,0,0,0,0
"C02","C02","1","1","center","480","pasture",0,2,0,0,0,0,0,0,0,0,2,0,0,0,0,0,0,0,0,0,1,0,0,0,0,3,0,103,0,2,0,0,0,0,0,0
"C03","C03","1","1","center","480","sugar_cane",0,0,0,0,0,0,0,0,17,0,9,0,0,0,0,0,0,0,0,0,0,0,0,0,0,13,0,0,0,0,30,0,0,0,0,0
"C04","C04","1","1","center","480","control",0,0,0,0,0,0,0,0,1,0,1,0,0,0,0,0,0,0,0,0,0,0,0,0,0,2,0,0,0,4,0,0,0,0,0,0
"C05","C05","1","1","center","480","pasture",0,1,0,0,0,0,0,0,0,0,3,0,0,0,0,0,0,0,0,0,0,0,0,0,0,2,0,0,0,0,53,0,0,0,0,0
"C06","C06","1","1","center","480","sugar_cane",0,1,0,0,0,0,0,0,7,0,0,0,0,0,0,0,0,0,0,0,0,0,0,0,0,0,0,31,0,5,0,0,0,0,0,0
"C07","C07","1","1","center","480","control",0,2,0,0,0,0,0,0,9,1,1,0,0,0,0,0,0,0,0,0,0,0,0,0,0,0,0,0,0,3,0,0,0,0,0,0
"C08","C08","1","1","center","480","pasture",0,1,0,0,0,0,0,0,1,0,0,0,0,0,0,0,0,0,0,0,0,0,0,0,0,3,0,0,0,0,23,0,0,0,0,1
"C09","C09","1","1","center","480","sugar_cane",0,2,0,0,0,0,0,0,1,0,0,0,0,0,0,0,0,0,0,0,0,0,0,0,0,1,0,0,0,0,106,0,0,0,0,0
"C10","C10","1","1","center","480","control",0,0,1,0,0,0,0,0,0,0,0,0,0,0,0,0,0,0,0,0,0,0,0,0,0,4,0,0,0,1,9,0,0,0,0,0
"C11","C11","1","1","center","480","pasture",0,0,0,0,0,0,0,0,2,0,2,0,0,0,0,0,0,0,0,0,0,0,0,0,0,1,0,0,0,0,0,0,0,0,0,0
"C12","C12","1","1","center","480","sugar_cane",0,0,0,0,0,0,0,0,1,0,1,0,0,0,0,0,0,0,0,0,0,0,0,0,0,4,0,0,0,0,0,0,0,0,0,0
"C13","C13","1","1","center","480","control",0,1,0,0,0,0,0,0,0,0,0,0,0,0,0,0,0,0,0,0,0,0,0,0,0,0,0,0,0,0,0,0,0,0,0,0
"C14","C14","1","1","center","480","pasture",0,2,0,0,0,0,0,0,0,0,6,0,0,0,0,0,0,0,0,0,0,0,0,0,0,1,0,8,0,0,0,0,0,0,0,0
"C15","C15","1","1","center","480","sugar_cane",0,0,0,0,0,0,0,0,1,0,5,0,0,0,0,0,0,0,0,0,0,0,0,0,0,0,0,0,0,0,0,0,0,0,0,0
"A014","A01","2","1","center","30","control",0,0,0,0,0,0,0,0,0,0,6,0,0,0,0,0,0,0,0,0,0,0,0,0,0,1,0,0,0,0,4,0,0,0,0,0
"A024","A02","2","1","center","30","pasture",0,5,0,0,0,0,0,2,0,0,0,0,0,0,0,0,0,0,0,0,0,0,0,0,1,12,0,4,0,0,10,0,0,0,0,0
"A034","A03","2","1","center","30","sugar_cane",0,0,0,0,0,0,0,0,0,0,0,0,0,0,0,0,0,0,0,0,0,0,0,0,0,0,0,0,0,0,7,0,0,0,0,0
"A044","A04","2","1","center","30","control",0,5,0,0,0,1,0,0,1,0,3,0,0,0,1,0,0,0,0,0,0,1,0,0,0,0,0,0,0,0,2,0,0,0,0,0
"A054","A05","2","1","center","30","pasture",0,0,0,0,0,3,0,0,1,0,12,0,0,0,1,0,0,0,0,0,0,0,0,0,0,2,0,0,0,0,1,0,2,0,0,0
"A064","A06","2","1","center","30","sugar_cane",0,0,0,0,0,0,0,0,0,0,0,0,0,0,0,0,0,0,0,0,0,0,0,0,0,0,0,0,0,0,0,0,0,0,0,0
"A074","A07","2","1","center","30","control",0,0,0,0,0,0,1,0,0,0,1,0,0,0,0,0,0,0,0,0,0,4,0,0,0,0,0,0,0,0,10,0,1,0,0,0
"A084","A08","2","1","center","30","pasture",0,0,0,0,0,0,0,0,6,0,4,0,0,0,0,0,0,0,0,0,0,0,0,0,0,1,0,0,0,0,0,0,0,0,0,0
"A094","A09","2","1","center","30","sugar_cane",0,0,0,0,0,0,0,0,0,0,0,0,0,0,0,0,0,0,0,0,0,0,0,0,0,0,0,0,0,0,1,0,0,0,0,0
"A104","A10","2","1","center","30","control",0,0,0,0,0,0,0,0,5,0,0,0,0,0,0,0,0,0,0,0,0,0,0,0,0,0,0,0,0,0,0,0,0,0,0,0
"A114","A11","2","1","center","30","pasture",0,0,0,0,0,0,0,0,2,0,2,0,0,0,0,0,0,0,0,0,0,1,0,0,0,6,0,0,0,0,0,0,0,0,0,0
"A124","A12","2","1","center","30","sugar_cane",0,0,0,0,0,0,0,0,0,0,0,0,0,0,0,0,0,0,0,0,0,0,0,0,0,0,0,0,0,0,0,0,0,0,0,0
"A134","A13","2","1","center","30","control",0,0,0,0,0,0,0,0,0,0,9,0,0,0,0,0,0,0,0,1,0,0,0,0,0,1,0,0,0,0,0,0,0,0,0,0
"A144","A14","2","1","center","30","pasture",0,0,0,0,0,0,0,0,2,0,7,0,0,0,0,0,0,0,0,0,0,1,0,0,0,2,0,0,0,0,0,0,1,0,0,0
"A154","A15","2","1","center","30","sugar_cane",0,0,0,0,0,0,0,0,0,0,0,0,0,0,0,0,0,0,0,0,0,3,0,0,0,1,0,0,0,0,0,0,0,0,0,0
"B014","B01","2","1","center","120","control",0,3,0,0,0,0,0,0,3,0,2,0,0,0,0,0,0,0,0,0,0,0,0,0,0,1,0,0,0,0,7,0,1,0,0,0
"B024","B02","2","1","center","120","pasture",0,1,0,0,0,0,0,0,4,0,4,0,0,0,0,0,0,0,0,0,0,0,0,0,0,1,0,0,0,0,0,0,0,0,0,0
"B034","B03","2","1","center","120","sugar_cane",0,0,0,0,0,0,0,0,0,0,0,0,0,0,0,0,0,0,0,0,0,0,0,0,0,0,0,12,0,0,3,0,0,0,0,0
"B044","B04","2","1","center","120","control",0,0,0,0,0,0,0,0,0,0,0,0,0,0,0,0,0,0,0,0,0,0,0,0,0,5,0,0,0,0,0,0,0,0,0,0
"B054","B05","2","1","center","120","pasture",0,1,0,0,1,0,0,0,3,0,4,0,0,0,0,0,0,0,0,0,0,0,0,0,0,2,0,0,0,0,27,0,0,0,0,0
"B064","B06","2","1","center","120","sugar_cane",0,0,0,0,0,0,0,0,0,0,0,0,0,0,0,0,0,0,0,0,0,0,0,0,0,0,0,52,0,0,1,0,0,0,0,0
"B074","B07","2","1","center","120","control",0,1,0,0,0,1,0,0,1,1,16,0,0,0,0,0,0,0,0,0,0,0,0,0,0,4,0,5,0,0,3,0,0,0,0,0
"B084","B08","2","1","center","120","pasture",0,0,0,0,0,0,0,0,0,0,8,0,0,0,0,0,0,0,0,0,0,0,0,0,0,4,0,42,0,0,0,0,0,0,0,0
"B094","B09","2","1","center","120","sugar_cane",0,0,0,0,0,0,0,0,0,0,0,0,0,0,0,0,0,0,0,0,0,0,0,0,0,0,0,11,0,0,0,0,0,0,0,0
"B104","B10","2","1","center","120","control",0,1,0,0,0,0,0,0,1,0,3,0,0,0,0,0,0,0,0,0,0,0,0,0,0,1,0,1,0,0,0,0,0,0,0,0
"B114","B11","2","1","center","120","pasture",0,0,0,0,0,0,0,4,0,0,3,0,0,0,0,0,0,0,0,0,0,0,0,0,0,3,0,0,0,4,0,0,0,0,0,0
"B124","B12","2","1","center","120","sugar_cane",0,0,0,0,0,0,0,0,0,0,0,0,0,0,0,0,0,0,0,0,0,1,0,0,0,0,0,0,0,0,0,0,0,0,0,0
"B134","B13","2","1","center","120","control",0,0,0,0,0,2,0,0,3,0,1,0,0,0,3,0,0,0,0,0,0,1,0,0,0,5,0,0,0,0,0,0,0,0,0,0
"B144","B14","2","1","center","120","pasture",0,0,0,0,0,1,0,0,33,0,16,0,0,0,0,0,0,0,0,0,0,0,0,0,0,4,0,0,0,0,0,0,0,0,0,0
"B154","B15","2","1","center","120","sugar_cane",0,0,0,0,0,0,0,0,0,0,0,0,0,0,0,0,0,0,0,0,0,0,0,0,0,0,0,0,0,0,0,0,0,0,0,0
"C014","C01","2","1","center","480","control",0,0,0,0,0,0,0,0,7,0,1,0,0,0,0,0,0,0,0,0,0,0,0,0,0,2,0,14,0,0,25,0,2,0,0,0
"C024","C02","2","1","center","480","pasture",0,1,0,0,0,0,0,2,93,0,1,0,0,0,0,0,0,0,0,0,0,0,0,0,0,2,0,3,0,0,5,0,0,0,0,0
"C034","C03","2","1","center","480","sugar_cane",0,0,0,0,0,0,0,0,0,0,0,0,0,0,0,0,0,0,0,0,0,0,0,0,0,0,0,0,0,0,38,0,0,0,0,0
"C044","C04","2","1","center","480","control",0,0,0,0,2,0,0,0,6,0,0,0,0,0,0,0,0,0,0,0,0,0,0,0,0,4,0,0,0,0,10,0,1,0,0,0
"C054","C05","2","1","center","480","pasture",0,0,0,0,0,0,0,0,0,0,0,0,0,0,0,0,0,0,0,0,0,0,0,0,0,2,0,0,0,0,11,0,0,0,0,0
"C064","C06","2","1","center","480","sugar_cane",0,0,0,0,0,0,0,0,0,0,0,0,0,0,0,0,0,0,0,0,0,0,0,0,0,0,0,32,0,0,10,0,0,0,0,0
"C074","C07","2","1","center","480","control",0,2,0,0,0,0,0,0,42,0,123,0,0,0,0,0,0,0,0,0,0,0,0,0,0,4,0,24,0,1,0,0,4,0,0,0
"C084","C08","2","1","center","480","pasture",0,0,0,0,0,0,0,0,3,0,8,0,0,0,0,0,0,0,0,0,0,0,0,0,0,3,0,0,0,0,9,0,0,0,0,0
"C094","C09","2","1","center","480","sugar_cane",0,0,0,0,0,0,0,0,0,0,0,0,0,0,0,0,0,0,0,0,0,0,0,0,0,0,0,0,0,0,55,0,0,0,0,0
"C104","C10","2","1","center","480","control",0,1,0,0,1,0,0,0,0,0,24,0,0,0,0,0,0,0,0,0,0,0,0,0,0,0,0,0,0,0,4,0,0,0,0,0
"C114","C11","2","1","center","480","pasture",0,3,0,0,4,0,0,0,3,0,26,0,0,0,0,0,0,0,0,0,0,0,0,0,0,5,0,0,0,0,1,0,0,0,0,0
"C124","C12","2","1","center","480","sugar_cane",0,0,0,0,0,0,0,0,0,0,0,0,0,0,0,0,0,0,0,0,0,0,0,0,0,3,0,0,0,0,0,0,0,0,0,0
"C134","C13","2","1","center","480","control",0,0,0,0,0,0,0,0,1,0,26,0,0,0,1,0,0,0,0,0,0,1,0,0,0,4,0,7,0,0,0,0,0,0,0,0
"C144","C14","2","1","center","480","pasture",0,0,0,0,1,0,0,0,0,0,52,0,0,0,2,0,0,0,0,0,0,0,0,1,0,11,0,9,0,0,0,0,0,0,0,0
"C154","C15","2","1","center","480","sugar_cane",0,0,0,0,0,0,0,0,7,0,0,0,0,0,0,0,0,0,0,0,0,0,0,0,0,3,0,0,0,0,0,0,0,0,0,0
"A011","A01","2","2","center","30","control",0,2,0,0,0,1,0,0,0,0,3,0,0,0,1,0,0,0,0,0,0,0,0,0,0,1,0,0,0,0,7,0,1,0,0,0
"A021","A02","2","2","center","30","pasture",0,7,0,0,0,0,0,1,0,0,0,0,0,0,0,0,0,0,0,0,0,0,0,0,0,11,0,6,0,0,20,0,1,0,0,0
"A031","A03","2","2","center","30","sugar_cane",0,0,0,0,0,0,0,0,0,0,0,0,0,0,0,0,0,0,0,0,0,0,0,0,0,0,0,0,0,0,14,0,0,0,0,0
"A041","A04","2","2","center","30","control",0,1,0,0,0,0,1,0,4,1,1,0,0,0,0,0,0,0,0,0,0,1,0,0,0,1,0,0,0,0,0,0,0,0,0,0
"A051","A05","2","2","center","30","pasture",0,1,0,0,0,3,0,0,0,0,3,0,0,0,0,0,0,0,0,0,0,0,0,0,0,4,0,0,0,0,0,0,1,0,0,0
"A061","A06","2","2","center","30","sugar_cane",0,0,0,0,0,0,0,0,0,0,0,0,0,0,0,0,0,0,0,0,0,0,0,0,0,0,0,0,0,0,0,0,0,0,0,0
"A071","A07","2","2","center","30","control",0,0,0,0,0,0,0,0,0,0,3,0,0,0,8,0,0,0,0,0,0,3,0,0,0,4,0,0,0,0,5,0,1,0,0,0
"A081","A08","2","2","center","30","pasture",0,0,0,0,0,0,0,0,0,0,1,0,0,0,0,0,0,0,0,0,0,0,0,0,0,2,0,0,0,0,0,0,0,0,0,0
"A091","A09","2","2","center","30","sugar_cane",0,0,0,0,0,0,0,0,0,0,0,0,0,0,0,0,0,0,0,0,0,0,0,0,0,0,0,0,0,0,0,0,0,0,0,0
"A101","A10","2","2","center","30","control",0,1,0,0,0,0,0,0,0,0,1,0,0,0,0,0,0,0,0,0,0,0,0,0,0,1,0,0,0,0,0,0,1,0,0,0
"A111","A11","2","2","center","30","pasture",0,1,0,0,0,0,0,0,5,0,3,0,0,0,2,0,0,0,0,0,0,1,0,0,0,1,0,0,0,0,0,0,0,0,0,0
"A121","A12","2","2","center","30","sugar_cane",0,0,0,0,0,0,0,0,0,0,0,0,0,0,0,0,0,0,0,0,0,0,0,0,0,0,0,0,0,0,0,0,0,0,0,0
"A131","A13","2","2","center","30","control",0,0,0,0,0,0,0,0,0,0,0,0,0,0,0,0,0,0,0,0,0,0,0,0,0,3,0,0,0,0,0,0,0,0,0,0
"A141","A14","2","2","center","30","pasture",0,3,0,0,0,1,0,0,0,0,28,0,0,0,0,0,0,0,0,0,0,0,0,0,0,5,0,0,0,0,0,0,1,0,0,0
"A151","A15","2","2","center","30","sugar_cane",0,0,0,0,0,0,0,0,0,0,0,0,0,0,0,0,0,0,0,0,0,0,0,0,0,0,0,0,0,0,0,0,0,0,0,0
"B011","B01","2","2","center","120","control",0,4,0,0,0,0,1,0,6,0,7,0,0,0,0,0,0,0,0,0,0,0,0,0,0,1,0,5,0,0,3,0,0,0,0,0
"B021","B02","2","2","center","120","pasture",0,0,0,0,0,1,0,0,3,0,0,0,0,0,0,0,0,0,0,0,0,1,0,0,0,2,0,2,0,0,8,0,0,0,0,0
"B031","B03","2","2","center","120","sugar_cane",0,0,0,0,0,0,0,0,0,0,0,0,0,0,0,0,0,0,0,0,0,0,0,0,0,0,0,2,0,0,2,0,0,0,0,0
"B041","B04","2","2","center","120","control",0,0,0,0,0,0,0,0,0,0,0,0,0,0,0,0,0,0,0,0,0,0,0,0,0,0,0,1,0,0,4,0,0,0,0,0
"B051","B05","2","2","center","120","pasture",0,0,0,0,1,1,0,1,2,0,10,0,0,0,0,0,0,0,0,0,0,0,0,0,0,1,0,0,0,0,6,0,0,0,0,0
"B061","B06","2","2","center","120","sugar_cane",0,0,0,0,0,0,0,0,0,0,0,0,0,0,0,0,0,0,0,0,0,0,0,0,0,0,0,18,0,0,3,0,0,0,0,0
"B071","B07","2","2","center","120","control",0,0,0,0,0,1,0,1,4,0,17,0,0,0,0,0,0,0,0,0,0,0,0,0,0,2,0,0,0,0,3,0,0,0,0,0
"B081","B08","2","2","center","120","pasture",0,0,0,0,0,0,0,0,7,0,15,0,0,0,0,0,0,0,0,0,0,0,0,0,0,2,0,25,0,0,0,0,2,0,0,0
"B091","B09","2","2","center","120","sugar_cane",0,0,0,0,0,0,0,0,0,0,0,0,0,0,0,0,0,0,0,0,0,0,0,0,0,0,0,0,0,0,0,0,0,0,0,0
"B101","B10","2","2","center","120","control",0,0,0,0,0,0,0,0,1,0,1,0,0,0,0,0,0,0,0,0,0,0,0,0,0,1,0,0,0,0,0,0,0,0,0,0
"B111","B11","2","2","center","120","pasture",0,9,0,0,0,0,0,4,0,0,7,0,0,0,0,0,0,0,0,0,0,0,0,0,0,5,0,0,0,0,0,0,0,0,0,0
"B121","B12","2","2","center","120","sugar_cane",0,0,0,0,0,0,0,0,0,0,1,0,0,0,0,0,0,0,0,0,0,1,0,0,0,0,0,0,0,0,0,0,0,0,0,0
"B131","B13","2","2","center","120","control",0,0,0,0,0,0,0,0,1,0,3,0,0,0,0,0,0,0,0,0,0,2,0,0,0,6,0,0,0,0,0,0,1,0,0,0
"B141","B14","2","2","center","120","pasture",0,0,0,0,0,0,0,0,8,0,8,0,0,0,0,0,0,0,0,0,0,1,0,0,0,5,0,0,0,0,0,0,0,0,0,0
"B151","B15","2","2","center","120","sugar_cane",0,0,0,0,0,0,0,0,0,0,0,0,0,0,0,0,0,0,0,0,0,0,0,0,0,0,0,0,0,0,0,0,0,0,0,0
"C011","C01","2","2","center","480","control",0,6,0,0,0,0,1,0,29,0,0,0,0,0,0,0,0,0,0,0,0,0,0,0,0,0,0,19,0,0,13,2,0,0,0,0
"C021","C02","2","2","center","480","pasture",0,1,0,0,1,0,1,1,39,0,1,0,0,0,1,0,0,0,0,0,0,2,0,0,0,3,0,4,0,2,4,0,0,0,0,0
"C031","C03","2","2","center","480","sugar_cane",0,0,0,0,0,0,0,0,0,0,0,0,0,0,0,0,0,0,0,0,0,0,0,0,0,0,0,0,0,0,20,0,0,0,0,0
"C041","C04","2","2","center","480","control",0,1,0,0,2,0,0,0,2,0,0,0,0,0,3,0,0,0,0,0,0,0,0,0,0,3,0,0,0,0,6,0,1,0,0,0
"C051","C05","2","2","center","480","pasture",0,1,0,0,0,0,0,0,1,0,0,0,0,0,0,0,0,0,0,0,0,0,0,0,0,1,0,0,0,0,3,0,0,0,0,0
"C061","C06","2","2","center","480","sugar_cane",0,0,0,0,0,0,0,0,0,0,0,0,0,0,0,0,0,0,0,0,0,0,0,0,0,0,0,28,0,0,34,0,0,0,0,0
"C071","C07","2","2","center","480","control",0,1,0,0,0,0,0,0,19,0,168,0,0,0,0,0,0,0,0,0,0,0,0,0,0,2,0,58,0,0,0,0,0,0,0,0
"C081","C08","2","2","center","480","pasture",0,5,0,0,0,1,0,0,28,0,26,0,0,0,0,0,0,0,0,0,0,0,0,0,0,5,0,0,0,0,14,0,0,0,0,0
"C091","C09","2","2","center","480","sugar_cane",0,0,0,0,0,0,0,0,0,0,0,0,0,0,0,0,0,0,0,0,0,0,0,0,0,0,0,0,0,0,36,0,0,0,0,0
"C101","C10","2","2","center","480","control",0,0,0,0,0,0,0,0,0,0,163,0,0,0,0,0,0,0,0,0,0,0,0,0,0,0,0,0,0,0,1,0,0,0,0,0
"C111","C11","2","2","center","480","pasture",0,0,0,0,2,0,0,0,0,0,33,0,0,0,0,0,0,0,0,0,0,0,0,0,0,7,0,0,0,0,3,0,1,0,0,0
"C121","C12","2","2","center","480","sugar_cane",0,0,0,0,0,0,0,0,1,0,0,0,0,0,0,0,0,0,0,0,0,0,0,0,0,0,0,0,0,0,0,0,0,0,0,0
"C131","C13","2","2","center","480","control",0,0,0,0,0,0,0,0,0,0,10,0,0,0,0,0,0,0,0,0,0,0,0,0,0,6,0,2,0,0,0,0,0,0,0,0
"C141","C14","2","2","center","480","pasture",0,0,0,0,0,0,0,0,0,0,5,0,0,0,0,0,0,0,0,0,0,0,0,1,0,8,0,4,0,0,0,0,0,0,0,0
"C151","C15","2","2","center","480","sugar_cane",0,0,0,0,0,0,0,0,3,0,0,0,0,0,0,0,0,0,0,0,0,0,0,0,0,0,0,0,0,0,0,0,0,0,0,0
"A012","A01","2","3","center","30","control",0,0,0,0,0,1,0,4,0,0,18,0,0,0,0,0,0,0,0,0,0,0,0,0,0,4,0,0,0,0,12,0,0,0,0,0
"A022","A02","2","3","center","30","pasture",0,6,0,0,0,0,1,1,1,0,2,0,0,0,0,0,0,0,0,0,0,0,3,0,0,1,0,1,0,0,3,0,0,0,0,0
"A032","A03","2","3","center","30","sugar_cane",0,0,0,0,0,0,0,0,0,0,0,0,0,0,0,0,0,0,0,0,0,0,0,0,0,0,0,0,0,0,7,0,0,0,0,0
"A042","A04","2","3","center","30","control",0,4,0,0,0,0,0,0,2,0,6,0,0,0,0,0,0,0,0,0,0,1,0,0,0,2,0,0,0,0,0,0,0,0,0,0
"A052","A05","2","3","center","30","pasture",0,5,0,0,0,2,0,0,8,0,19,0,0,0,10,0,0,0,0,0,0,0,0,5,0,9,0,0,0,0,0,0,6,0,0,0
"A062","A06","2","3","center","30","sugar_cane",0,0,0,0,0,0,0,0,0,0,0,0,0,0,0,0,0,0,0,0,0,0,0,0,0,0,0,0,0,0,0,0,0,0,0,0
"A072","A07","2","3","center","30","control",0,2,0,0,0,0,0,0,0,0,1,0,0,0,7,0,0,0,0,0,0,13,0,0,0,2,0,0,0,0,3,0,0,0,1,0
"A082","A08","2","3","center","30","pasture",0,0,0,0,0,0,0,0,0,0,2,0,0,0,0,0,0,0,0,0,0,0,0,0,0,3,0,0,0,0,0,0,0,0,0,0
"A092","A09","2","3","center","30","sugar_cane",0,0,0,0,0,0,0,0,0,0,0,0,0,0,0,0,0,0,0,0,0,0,0,0,0,0,0,0,0,0,0,0,0,0,0,0
"A102","A10","2","3","center","30","control",0,3,0,0,0,2,0,0,8,0,0,0,0,0,0,0,0,0,0,0,0,0,0,0,0,2,0,0,0,0,0,0,0,0,0,0
"A112","A11","2","3","center","30","pasture",0,1,0,0,0,0,0,0,4,0,1,0,0,0,1,0,0,0,0,0,0,1,0,0,0,3,0,0,0,0,1,0,2,0,0,0
"A122","A12","2","3","center","30","sugar_cane",0,0,0,0,0,0,0,0,0,0,0,0,0,0,0,0,0,0,0,0,0,2,0,0,0,0,0,0,0,0,0,0,0,0,0,0
"A132","A13","2","3","center","30","control",0,0,0,3,0,0,0,0,0,0,12,0,0,0,0,0,0,0,0,0,0,0,0,0,0,1,0,0,0,1,0,0,0,0,0,0
"A142","A14","2","3","center","30","pasture",0,0,0,0,0,0,0,0,2,0,4,0,0,0,0,0,0,0,0,0,0,0,0,0,0,5,0,0,0,0,0,0,0,0,0,0
"A152","A15","2","3","center","30","sugar_cane",0,0,0,1,0,0,0,0,0,0,0,0,0,0,0,0,0,0,0,0,0,1,0,0,0,0,0,0,0,0,0,0,0,0,0,0
"B012","B01","2","3","center","120","control",0,0,0,0,0,0,1,0,2,0,9,0,0,0,0,0,0,0,0,0,0,0,0,0,0,1,0,0,0,0,5,0,0,0,0,0
"B022","B02","2","3","center","120","pasture",0,5,0,0,0,2,0,0,35,0,9,0,0,0,0,0,0,0,0,0,0,0,0,0,0,2,0,2,0,0,1,0,0,0,0,0
"B032","B03","2","3","center","120","sugar_cane",0,0,0,0,0,0,0,0,0,0,0,0,0,0,0,0,0,0,0,0,0,0,0,0,0,0,0,16,0,0,2,0,0,0,0,0
"B042","B04","2","3","center","120","control",0,0,0,0,0,0,0,0,0,0,11,0,0,0,0,0,0,0,0,0,0,0,0,0,0,3,0,0,0,0,2,0,2,0,0,0
"B052","B05","2","3","center","120","pasture",0,1,0,0,1,0,0,0,1,0,26,0,0,0,0,0,0,0,0,0,0,1,0,0,0,3,0,0,0,0,23,0,0,0,0,0
"B062","B06","2","3","center","120","sugar_cane",0,0,0,0,0,0,1,0,0,0,0,0,0,0,0,0,0,0,0,0,0,0,0,0,0,0,0,229,0,0,0,0,0,0,0,0
"B072","B07","2","3","center","120","control",0,2,0,0,0,1,0,0,2,0,9,0,0,0,1,0,0,0,0,0,0,1,0,0,0,5,0,6,0,0,0,0,0,0,0,0
"B082","B08","2","3","center","120","pasture",0,0,0,0,0,0,0,0,1,0,16,0,0,0,0,0,0,0,0,0,0,0,0,0,0,2,0,23,0,0,0,0,0,0,0,0
"B092","B09","2","3","center","120","sugar_cane",0,0,0,0,0,0,0,0,0,0,0,0,0,0,0,0,0,0,0,0,0,0,0,0,0,0,0,0,0,0,0,0,0,0,0,0
"B102","B10","2","3","center","120","control",0,0,0,0,0,0,0,0,6,0,10,0,0,0,0,0,0,0,0,0,0,0,0,0,0,1,0,2,0,0,0,0,0,0,0,0
"B112","B11","2","3","center","120","pasture",0,1,0,0,0,0,0,1,0,0,35,0,0,0,1,0,0,0,0,0,0,0,0,0,0,6,0,0,0,0,0,0,0,0,0,0
"B122","B12","2","3","center","120","sugar_cane",0,0,0,0,0,0,0,0,0,0,0,0,0,0,0,0,0,0,0,0,0,0,0,0,0,0,0,9,0,0,0,0,0,0,0,0
"B132","B13","2","3","center","120","control",0,0,0,0,0,1,0,0,0,0,1,0,0,0,0,0,0,0,0,0,0,0,0,0,0,3,0,0,0,0,0,0,0,0,0,0
"B142","B14","2","3","center","120","pasture",0,0,0,0,0,0,0,0,0,0,0,0,0,0,0,0,0,0,0,0,0,0,0,0,0,4,0,0,0,0,0,0,0,0,0,0
"B152","B15","2","3","center","120","sugar_cane",0,0,0,0,0,0,0,0,0,0,0,0,0,0,0,0,0,0,0,0,0,6,0,0,0,0,0,0,0,0,0,0,0,0,0,0
"C012","C01","2","3","center","480","control",0,0,0,0,0,0,0,0,0,0,0,0,0,0,0,0,0,0,0,0,0,0,0,0,0,0,0,6,0,0,19,0,0,0,0,0
"C022","C02","2","3","center","480","pasture",0,1,0,0,0,0,1,0,44,0,0,0,0,0,0,0,0,0,0,0,0,0,0,0,0,5,0,16,0,1,16,0,0,0,0,0
"C032","C03","2","3","center","480","sugar_cane",0,0,0,0,0,0,0,0,0,0,0,0,0,0,0,0,0,0,0,0,0,0,0,0,0,0,0,0,0,0,29,0,0,0,0,0
"C042","C04","2","3","center","480","control",0,0,0,0,0,0,0,0,1,0,0,0,0,0,0,0,0,0,0,0,0,0,0,0,0,2,0,1,0,0,13,0,0,0,0,0
"C052","C05","2","3","center","480","pasture",0,0,0,0,0,0,0,0,0,0,0,0,0,0,0,0,0,0,0,0,0,0,0,0,0,2,0,0,0,0,26,0,0,0,0,0
"C062","C06","2","3","center","480","sugar_cane",0,0,0,0,0,0,0,0,0,0,0,0,0,0,0,0,0,0,0,0,0,0,0,0,0,0,0,38,0,0,20,0,0,0,0,0
"C072","C07","2","3","center","480","control",0,4,0,0,0,0,0,0,5,0,93,0,0,0,0,0,0,0,0,0,0,0,0,0,0,2,0,39,0,4,2,0,4,0,0,0
"C082","C08","2","3","center","480","pasture",0,2,0,0,0,0,2,0,20,0,10,0,0,0,0,0,0,0,0,0,0,0,0,0,0,2,0,0,0,0,6,0,1,0,0,0
"C092","C09","2","3","center","480","sugar_cane",0,0,0,0,0,0,0,0,0,0,0,0,0,0,0,0,0,0,0,0,0,0,0,0,0,0,0,0,0,0,42,0,0,0,0,0
"C102","C10","2","3","center","480","control",0,1,0,0,0,0,0,0,0,0,93,0,0,0,0,0,0,0,0,0,0,0,0,0,0,1,0,0,0,0,3,0,1,0,0,0
"C112","C11","2","3","center","480","pasture",0,1,0,0,0,1,0,0,5,0,56,0,0,0,0,0,0,0,0,0,0,1,0,0,0,5,0,0,0,0,1,0,2,0,0,0
"C122","C12","2","3","center","480","sugar_cane",0,0,0,0,0,0,0,0,1,0,0,0,0,0,0,0,0,0,0,0,0,0,0,0,0,0,0,0,0,0,0,0,0,0,0,0
"C132","C13","2","3","center","480","control",0,0,0,0,0,0,0,0,1,0,40,0,0,0,0,0,0,0,0,0,0,0,0,0,0,6,0,3,0,0,1,0,0,0,0,0
"C142","C14","2","3","center","480","pasture",0,0,0,0,0,0,0,0,0,0,47,0,0,0,0,0,0,0,0,0,0,0,0,0,0,8,0,16,0,0,0,0,0,0,0,0
"C152","C15","2","3","center","480","sugar_cane",0,0,0,0,0,0,0,0,10,0,0,0,0,0,0,0,0,0,0,0,0,0,0,0,0,0,0,0,0,0,0,0,0,0,0,0
"A013","A01","2","4","margin","30","control",0,1,0,0,0,0,0,0,0,0,6,0,0,0,1,0,1,0,0,0,0,3,0,0,0,2,0,0,0,0,1,0,1,0,0,0
"A023","A02","2","4","margin","30","pasture",0,0,0,0,0,0,0,0,0,0,1,0,0,0,0,0,0,0,0,0,0,5,3,0,0,0,0,0,0,0,0,0,0,0,0,0
"A033","A03","2","4","margin","30","sugar_cane",0,0,0,0,0,0,0,0,0,0,0,0,0,0,0,0,0,0,0,0,0,1,0,0,0,0,0,0,0,0,0,0,0,0,0,0
"A043","A04","2","4","margin","30","control",0,0,0,0,0,0,0,0,0,0,17,0,0,0,0,0,0,0,0,0,0,2,0,0,0,0,0,0,0,0,0,0,0,0,0,1
"A053","A05","2","4","margin","30","pasture",0,0,0,0,0,0,0,0,0,0,36,0,0,0,0,0,0,0,0,0,0,0,0,0,0,2,0,0,0,0,0,0,0,0,0,0
"A063","A06","2","4","margin","30","sugar_cane",0,0,0,0,0,0,0,0,0,0,0,0,0,0,0,0,0,0,0,0,0,1,0,0,0,0,0,0,0,0,0,0,0,0,0,0
"A073","A07","2","4","margin","30","control",0,1,0,0,0,0,0,0,0,0,0,0,1,0,1,0,0,0,0,0,0,20,0,0,0,1,0,0,0,0,0,0,1,0,0,0
"A083","A08","2","4","margin","30","pasture",0,0,0,0,0,0,0,0,0,0,0,0,0,0,0,0,0,0,0,0,0,0,0,0,0,1,0,0,0,0,0,0,0,0,0,0
"A093","A09","2","4","margin","30","sugar_cane",0,0,0,0,0,0,0,0,0,0,0,0,0,0,0,0,0,0,0,0,0,1,0,0,0,0,0,0,0,0,0,0,0,0,0,0
"A103","A10","2","4","margin","30","control",0,0,0,0,0,0,0,0,3,0,0,0,0,0,0,0,0,0,0,0,0,2,0,0,0,1,0,0,0,0,0,0,0,0,0,0
"A113","A11","2","4","margin","30","pasture",0,0,0,0,0,0,0,0,0,0,2,0,0,0,3,0,0,0,0,0,0,4,0,0,0,2,0,1,0,0,0,0,1,0,1,0
"A123","A12","2","4","margin","30","sugar_cane",0,0,0,0,0,0,0,0,0,0,0,0,0,0,0,0,0,0,0,0,0,0,0,0,0,0,0,0,0,0,0,0,0,0,0,0
"A133","A13","2","4","margin","30","control",0,0,0,0,0,0,0,0,1,0,15,0,0,0,0,0,0,0,0,0,0,0,0,0,0,2,0,0,0,0,0,0,0,0,0,0
"A143","A14","2","4","margin","30","pasture",0,0,0,0,0,0,0,0,0,1,4,0,0,0,0,0,0,0,0,0,0,59,0,0,0,3,0,0,0,0,2,0,0,0,0,0
"A153","A15","2","4","margin","30","sugar_cane",0,0,0,0,0,0,0,0,0,0,0,0,0,0,0,0,0,0,0,0,0,0,0,0,0,0,0,0,0,0,0,0,0,0,0,0
"B013","B01","2","4","margin","120","control",0,0,0,0,0,0,0,0,0,0,4,0,0,0,0,0,0,0,0,0,0,0,0,0,0,1,0,0,0,0,0,0,0,0,0,0
"B023","B02","2","4","margin","120","pasture",0,0,0,0,0,0,0,0,1,0,80,0,0,0,0,0,0,0,0,0,0,0,0,0,0,0,0,0,0,0,0,0,0,0,0,0
"B033","B03","2","4","margin","120","sugar_cane",0,0,0,0,0,0,0,0,0,0,0,0,0,0,0,0,0,0,0,0,0,0,0,0,0,0,0,3,0,0,1,0,0,0,0,0
"B043","B04","2","4","margin","120","control",0,0,0,0,0,0,1,0,0,0,16,0,0,0,2,0,0,0,0,0,0,9,0,0,0,2,0,0,0,0,0,0,2,0,0,0
"B053","B05","2","4","margin","120","pasture",0,0,0,0,0,0,0,0,1,0,13,0,0,0,0,0,0,0,0,0,0,0,0,0,0,1,0,0,0,0,1,0,0,0,0,0
"B063","B06","2","4","margin","120","sugar_cane",0,0,0,0,0,0,0,0,0,0,0,0,0,0,0,0,0,0,0,0,0,0,0,0,0,0,0,33,0,0,0,0,0,0,0,0
"B073","B07","2","4","margin","120","control",0,0,0,0,0,0,0,0,0,0,12,0,0,0,0,0,0,0,0,0,0,0,0,0,0,5,0,0,0,0,0,0,0,0,0,0
"B083","B08","2","4","margin","120","pasture",0,0,0,0,0,0,0,0,6,0,27,0,0,0,0,0,0,0,0,0,0,0,0,0,0,0,0,3,0,0,0,0,0,0,0,0
"B093","B09","2","4","margin","120","sugar_cane",0,0,0,0,0,0,0,0,0,0,0,0,0,0,0,0,0,0,0,0,0,0,0,0,0,0,0,0,0,0,0,0,0,0,0,0
"B103","B10","2","4","margin","120","control",0,2,0,0,0,0,0,0,5,0,16,0,0,0,2,0,0,0,0,0,0,3,0,0,0,2,0,1,0,0,0,0,0,0,0,0
"B113","B11","2","4","margin","120","pasture",0,0,0,0,0,1,0,0,0,0,24,0,0,0,0,0,0,0,0,0,0,0,0,0,0,7,0,0,0,0,0,0,0,0,0,0
"B123","B12","2","4","margin","120","sugar_cane",0,0,0,0,0,0,0,0,0,0,0,0,0,0,0,0,0,0,0,0,0,7,0,0,0,0,0,0,0,0,0,0,0,0,0,0
"B133","B13","2","4","margin","120","control",0,0,0,0,0,0,0,0,3,0,4,0,0,0,2,0,0,0,0,0,0,11,0,0,0,6,0,0,0,0,0,0,0,0,0,0
"B143","B14","2","4","margin","120","pasture",0,0,0,0,0,0,0,0,4,1,47,0,0,0,1,0,0,0,0,0,0,0,0,1,0,4,0,0,0,0,0,0,0,0,0,0
"B153","B15","2","4","margin","120","sugar_cane",0,0,0,0,0,0,0,0,0,0,0,0,0,0,0,0,0,0,0,0,0,1,0,0,0,0,0,0,0,0,0,0,0,0,0,0
"C013","C01","2","4","margin","480","control",0,0,0,0,0,0,0,0,0,0,0,0,0,0,0,0,0,0,0,0,0,1,0,0,0,2,0,0,0,0,0,0,0,0,0,0
"C023","C02","2","4","margin","480","pasture",0,0,0,0,0,0,0,0,16,0,1,0,0,0,3,0,0,0,0,0,0,4,0,0,0,4,0,4,0,0,0,2,0,0,0,0
"C033","C03","2","4","margin","480","sugar_cane",0,0,0,0,0,0,0,0,0,0,0,0,0,0,0,0,0,0,0,0,0,0,0,0,0,0,0,0,0,0,3,0,0,0,0,0
"C043","C04","2","4","margin","480","control",0,0,0,0,1,0,0,0,1,0,0,0,0,0,1,0,0,0,0,0,0,1,0,0,0,2,0,2,0,0,2,1,1,0,0,0
"C053","C05","2","4","margin","480","pasture",0,0,0,0,0,0,0,0,1,0,1,0,0,0,0,0,0,0,0,0,0,2,0,0,0,2,0,0,0,0,2,0,0,0,0,0
"C063","C06","2","4","margin","480","sugar_cane",0,0,0,0,0,0,0,0,0,0,0,0,0,0,0,0,0,0,0,0,0,0,0,0,0,0,0,0,0,0,4,0,0,0,0,0
"C073","C07","2","4","margin","480","control",0,0,0,0,0,0,0,0,2,0,112,0,0,0,0,0,0,0,0,0,0,1,0,0,0,1,0,8,0,0,2,0,0,0,0,0
"C083","C08","2","4","margin","480","pasture",0,0,0,0,0,0,1,0,7,0,71,0,0,0,0,0,0,0,0,0,0,0,0,0,0,2,0,0,0,0,0,0,0,0,0,0
"C093","C09","2","4","margin","480","sugar_cane",0,0,0,0,0,0,0,0,0,0,0,0,0,0,0,0,0,0,0,0,0,1,0,0,0,0,0,0,0,0,0,0,0,0,0,0
"C103","C10","2","4","margin","480","control",0,0,0,0,1,0,0,0,0,0,14,0,0,0,0,0,0,0,0,0,0,0,0,0,0,2,0,0,0,0,0,0,0,0,0,0
"C113","C11","2","4","margin","480","pasture",0,0,0,0,0,0,0,0,1,0,15,0,0,0,0,0,0,0,0,0,0,6,0,0,0,2,0,0,0,0,0,0,0,0,0,0
"C123","C12","2","4","margin","480","sugar_cane",0,0,0,0,0,0,0,0,0,0,0,0,0,0,0,0,0,0,0,0,0,0,0,0,0,2,0,0,0,0,0,0,0,0,0,0
"C133","C13","2","4","margin","480","control",0,0,0,0,0,0,0,0,1,2,49,1,0,0,2,0,0,0,0,0,0,0,0,0,0,2,0,1,0,0,1,0,0,0,0,0
"C143","C14","2","4","margin","480","pasture",0,0,0,0,0,0,0,0,0,0,27,0,0,0,2,0,0,0,0,0,0,0,0,0,0,5,1,0,0,0,4,0,0,0,0,0
"C153","C15","2","4","margin","480","sugar_cane",0,0,0,0,0,0,0,0,0,0,0,0,0,0,0,0,0,0,0,0,0,0,0,0,0,0,0,0,0,0,0,0,0,0,0,0
"A015","A01","3","1","center","30","control",0,1,0,0,0,0,0,0,3,0,0,0,0,0,6,0,0,0,0,0,0,0,0,0,0,1,0,0,0,0,7,0,4,0,0,0
"A025","A02","3","1","center","30","pasture",0,9,0,0,0,0,0,0,50,0,0,0,0,0,0,0,0,0,0,0,0,0,0,0,0,5,0,7,0,0,13,0,4,0,0,0
"A035","A03","3","1","center","30","sugar_cane",0,0,0,0,0,0,0,3,2,0,0,0,0,0,0,0,0,0,0,0,0,0,0,0,0,3,0,0,0,1,15,0,3,0,0,0
"A045","A04","3","1","center","30","control",0,0,0,2,0,0,2,0,45,0,0,0,0,0,1,0,0,0,0,0,0,5,0,0,0,5,0,0,0,0,3,0,7,0,0,1
"A055","A05","3","1","center","30","pasture",0,0,0,0,0,0,1,0,75,0,0,0,0,0,1,1,0,0,0,0,0,11,0,0,0,2,0,0,0,0,0,0,8,0,0,0
"A065","A06","3","1","center","30","sugar_cane",0,0,0,0,0,0,0,0,23,0,0,0,0,0,0,0,0,0,0,0,0,1,0,0,0,4,0,12,0,0,4,0,1,0,0,0
"A075","A07","3","1","center","30","control",0,2,0,2,1,0,0,0,5,0,0,0,0,0,1,0,0,0,0,0,0,0,0,0,0,3,0,0,0,0,9,0,6,0,0,0
"A085","A08","3","1","center","30","pasture",0,1,0,0,1,0,0,1,25,0,0,0,0,0,0,1,0,0,0,0,0,0,0,0,0,3,0,0,0,0,10,0,6,0,0,0
"A095","A09","3","1","center","30","sugar_cane",0,0,0,0,0,0,0,0,42,0,0,0,0,0,0,0,0,0,0,0,0,2,0,0,0,10,0,16,0,0,2,0,10,0,0,0
"A105","A10","3","1","center","30","control",0,1,0,1,0,1,0,0,47,0,1,0,0,0,11,0,0,0,0,0,0,2,0,0,0,22,0,7,0,0,16,0,5,0,0,0
"A115","A11","3","1","center","30","pasture",0,0,0,0,0,0,0,0,7,0,5,0,0,0,0,0,0,0,0,0,0,4,0,0,0,8,0,0,0,0,0,0,1,0,0,0
"A125","A12","3","1","center","30","sugar_cane",0,0,0,0,0,0,0,3,1,0,0,0,0,0,0,0,0,0,0,0,0,2,0,0,0,1,0,0,0,0,3,0,0,0,0,0
"A135","A13","3","1","center","30","control",0,3,0,2,0,0,0,0,41,0,0,0,0,0,0,0,0,0,0,0,0,0,0,0,0,9,0,2,0,0,3,0,0,0,0,0
"A145","A14","3","1","center","30","pasture",0,0,0,0,1,0,0,0,27,0,0,0,0,0,0,0,0,0,0,0,0,4,0,0,0,6,0,0,0,0,2,0,1,0,0,0
"A155","A15","3","1","center","30","sugar_cane",0,0,0,0,0,0,0,0,6,0,0,0,0,0,0,0,0,0,0,0,0,0,0,0,0,3,0,0,0,0,87,0,0,0,0,0
"B015","B01","3","1","center","120","control",0,1,0,2,2,0,0,4,45,0,0,0,0,0,4,0,0,0,0,0,0,0,0,0,0,5,0,3,0,1,4,0,1,0,0,0
"B025","B02","3","1","center","120","pasture",0,0,0,4,0,0,0,0,49,0,0,0,0,0,2,0,0,0,0,0,0,0,0,0,0,15,0,0,0,0,6,0,5,0,0,0
"B035","B03","3","1","center","120","sugar_cane",0,0,0,0,0,0,0,0,9,0,1,0,0,0,0,0,0,0,0,0,0,1,0,0,0,6,0,10,0,0,25,0,0,0,0,0
"B045","B04","3","1","center","120","control",0,2,0,2,1,2,0,0,28,0,0,0,0,0,2,0,0,0,0,0,0,0,0,0,0,7,0,7,0,0,0,0,3,0,0,0
"B055","B05","3","1","center","120","pasture",0,6,0,0,3,3,0,1,22,0,0,0,0,0,2,0,0,0,0,0,0,3,0,0,0,4,0,0,0,0,4,0,2,0,0,0
"B065","B06","3","1","center","120","sugar_cane",0,0,0,0,0,0,0,0,28,0,0,0,0,0,0,0,0,0,0,0,0,3,0,0,0,0,0,68,0,0,44,0,0,0,0,0
"B075","B07","3","1","center","120","control",0,2,0,1,0,0,0,0,75,0,1,0,0,0,4,0,0,0,0,0,0,2,0,0,0,3,0,3,0,0,2,0,4,0,0,0
"B085","B08","3","1","center","120","pasture",0,2,0,0,2,0,0,0,53,0,0,0,0,0,7,0,0,0,0,0,0,1,0,0,0,4,0,8,0,0,10,0,5,0,0,0
"B095","B09","3","1","center","120","sugar_cane",0,0,0,0,0,0,1,0,37,0,0,0,0,0,0,0,0,0,0,0,0,4,0,0,0,8,0,3,0,0,0,0,2,0,0,0
"B105","B10","3","1","center","120","control",0,4,0,0,1,1,0,4,22,0,1,0,0,0,1,0,0,0,0,0,0,1,0,0,0,2,0,0,0,0,0,0,2,0,0,0
"B115","B11","3","1","center","120","pasture",0,0,0,1,1,0,0,0,17,0,0,0,0,0,8,0,0,0,0,0,0,6,0,1,0,2,0,0,0,0,0,0,5,0,0,0
"B125","B12","3","1","center","120","sugar_cane",0,0,0,0,0,0,0,0,6,0,0,0,0,0,0,0,0,0,0,0,0,0,0,0,0,1,0,1,0,0,4,0,4,0,0,0
"B135","B13","3","1","center","120","control",0,2,0,0,0,0,0,1,4,0,0,0,0,0,6,0,0,0,0,0,0,6,0,0,0,7,0,0,0,0,1,0,2,0,0,0
"B145","B14","3","1","center","120","pasture",0,0,0,0,0,1,0,0,6,0,0,0,0,0,5,0,0,0,0,0,0,6,0,0,0,5,0,0,0,0,1,0,1,0,0,0
"B155","B15","3","1","center","120","sugar_cane",0,0,0,0,0,0,0,0,3,0,0,0,0,0,0,0,0,0,0,0,0,0,0,0,0,2,0,0,0,0,33,0,0,0,0,0
"C015","C01","3","1","center","480","control",0,0,0,3,1,0,0,0,39,0,0,0,0,0,0,0,0,0,0,0,0,1,0,0,0,2,0,1,0,0,62,0,1,0,0,0
"C025","C02","3","1","center","480","pasture",0,2,0,0,0,1,0,2,221,0,1,0,0,0,0,0,0,0,0,0,0,0,0,1,0,15,0,0,0,0,8,0,0,0,0,0
"C035","C03","3","1","center","480","sugar_cane",0,0,0,0,0,0,0,0,102,0,0,0,0,0,0,0,0,0,0,0,0,1,0,0,0,9,0,0,0,0,2,0,2,0,0,0
"C045","C04","3","1","center","480","control",0,1,0,0,0,0,0,3,14,0,17,0,0,0,0,0,0,0,0,0,0,2,0,0,0,1,0,0,0,0,4,0,3,0,0,0
"C055","C05","3","1","center","480","pasture",0,0,0,0,1,0,0,35,20,0,34,0,0,0,1,0,0,0,0,0,0,0,0,0,0,5,0,0,0,0,12,0,3,0,0,0
"C065","C06","3","1","center","480","sugar_cane",0,0,0,0,0,0,0,0,577,0,0,0,0,0,0,0,0,0,0,0,0,0,0,0,0,2,0,27,0,0,21,0,3,0,0,0
"C075","C07","3","1","center","480","control",0,0,0,0,0,0,0,5,27,0,10,0,1,0,0,0,0,0,0,1,0,0,0,0,0,13,0,2,0,0,7,0,0,0,0,0
"C085","C08","3","1","center","480","pasture",0,1,0,0,0,1,1,19,72,0,4,0,0,0,0,0,0,0,0,0,0,1,0,2,0,7,0,3,0,0,14,0,8,0,0,0
"C095","C09","3","1","center","480","sugar_cane",0,0,0,0,0,0,0,1,13,0,0,0,0,0,0,0,0,0,0,0,0,0,0,0,0,6,0,0,0,0,18,0,18,0,0,0
"C105","C10","3","1","center","480","control",0,1,0,0,7,0,0,0,29,0,0,0,0,0,0,0,0,0,0,0,0,1,0,0,0,4,0,0,0,0,3,0,3,0,0,0
"C115","C11","3","1","center","480","pasture",0,2,0,0,3,0,0,0,58,0,5,0,0,0,3,0,0,0,0,0,0,5,0,2,0,13,0,6,0,0,6,0,4,0,0,0
"C125","C12","3","1","center","480","sugar_cane",0,0,0,11,0,0,0,0,11,0,0,0,0,0,0,0,0,0,0,0,0,3,0,0,0,17,0,5,0,0,38,0,9,0,0,0
"C135","C13","3","1","center","480","control",0,0,0,0,0,0,0,0,64,0,2,0,0,0,0,0,0,0,0,0,0,0,0,0,0,7,0,1,0,0,1,0,7,0,0,0
"C145","C14","3","1","center","480","pasture",0,0,0,1,0,0,0,0,224,0,0,0,0,0,0,0,0,0,0,0,0,0,0,1,0,6,0,1,0,0,7,0,3,0,0,0
"C155","C15","3","1","center","480","sugar_cane",0,0,0,1,0,0,0,0,71,0,0,0,0,0,0,0,0,0,0,0,0,0,0,0,0,16,0,0,0,0,27,0,1,0,0,0
"A0111","A01","3","2","center","30","control",0,6,0,0,0,0,0,0,5,0,0,0,0,0,1,1,0,0,1,0,0,1,0,0,0,0,0,0,0,0,4,0,7,0,0,0
"A0211","A02","3","2","center","30","pasture",0,0,0,0,0,0,3,0,271,0,0,0,0,0,0,0,0,0,0,0,0,0,0,0,0,2,0,1,0,0,2,0,5,0,0,0
"A0311","A03","3","2","center","30","sugar_cane",0,0,0,0,0,0,0,3,3,0,0,0,0,0,3,1,0,0,0,0,0,0,0,0,0,0,0,0,0,0,4,0,5,0,0,0
"A0411","A04","3","2","center","30","control",0,1,0,0,1,0,0,0,27,0,0,0,0,0,13,0,0,0,0,0,0,0,0,0,0,0,0,0,0,0,3,0,9,0,0,0
"A0511","A05","3","2","center","30","pasture",0,1,0,0,4,1,0,1,97,0,0,0,0,0,1,0,0,0,0,0,0,0,0,0,0,5,0,1,0,0,3,0,6,0,1,0
"A0611","A06","3","2","center","30","sugar_cane",0,0,0,0,0,0,0,2,4,0,0,0,0,0,0,0,0,0,0,0,0,0,0,0,0,3,0,15,0,0,21,0,0,0,0,0
"A0711","A07","3","2","center","30","control",0,1,0,0,0,0,1,0,2,0,0,0,0,0,3,0,0,0,0,0,0,1,0,0,0,7,0,0,0,0,1,0,1,0,0,0
"A0811","A08","3","2","center","30","pasture",0,2,0,0,0,0,0,0,7,0,1,0,0,0,1,0,0,0,0,0,0,1,0,0,0,8,0,0,0,0,13,0,5,0,0,0
"A0911","A09","3","2","center","30","sugar_cane",0,0,0,0,0,0,0,1,70,0,0,0,0,0,0,0,0,0,0,0,0,3,0,0,0,8,0,38,0,0,0,0,0,0,0,0
"A1011","A10","3","2","center","30","control",0,3,0,0,0,1,0,0,9,0,1,0,0,0,7,0,0,0,0,0,0,0,0,0,0,22,0,29,0,0,26,0,4,0,0,0
"A1111","A11","3","2","center","30","pasture",0,0,0,0,0,1,0,1,47,0,32,0,0,0,7,0,0,0,0,0,0,0,0,0,0,10,0,0,0,0,1,0,8,0,0,0
"A1211","A12","3","2","center","30","sugar_cane",0,0,0,0,0,0,0,0,1,0,0,0,0,0,0,0,0,0,0,0,0,1,0,0,0,3,0,0,0,0,4,0,0,0,0,0
"A1311","A13","3","2","center","30","control",0,6,0,0,1,0,0,0,52,0,0,0,0,0,0,0,0,0,0,0,0,2,4,0,0,8,0,0,0,0,3,0,2,0,0,0
"A1411","A14","3","2","center","30","pasture",0,2,0,1,2,0,0,1,55,0,0,0,0,0,2,0,0,0,0,0,0,1,0,0,0,7,0,0,0,0,1,0,5,0,0,0
"A1511","A15","3","2","center","30","sugar_cane",0,0,0,0,0,0,0,0,213,0,0,0,0,0,0,0,0,0,0,0,0,1,0,0,0,3,0,0,0,0,78,0,1,0,0,0
"B0111","B01","3","2","center","120","control",0,0,0,1,0,0,0,1,52,0,0,0,0,0,8,0,0,0,0,0,0,0,0,0,0,5,0,1,0,0,4,0,0,0,0,0
"B0211","B02","3","2","center","120","pasture",0,5,0,0,2,0,0,4,23,0,0,0,0,0,2,0,0,0,0,0,0,0,0,0,0,3,0,1,0,0,10,0,6,0,0,0
"B0311","B03","3","2","center","120","sugar_cane",0,0,0,0,0,0,0,0,4,0,1,0,0,0,0,0,0,0,0,0,0,1,0,0,0,3,0,5,0,0,4,0,2,0,0,0
"B0411","B04","3","2","center","120","control",0,2,0,2,4,3,0,0,22,0,0,0,0,0,5,0,0,0,0,0,0,0,0,0,0,6,0,6,0,0,10,0,4,0,0,0
"B0511","B05","3","2","center","120","pasture",0,2,0,0,5,7,0,0,59,0,0,0,0,0,3,0,0,0,0,0,0,14,0,0,0,5,0,2,0,0,20,0,1,0,0,0
"B0611","B06","3","2","center","120","sugar_cane",0,0,0,0,0,0,0,0,16,0,0,0,0,0,0,0,0,0,0,0,0,1,0,0,0,3,0,30,0,0,51,0,1,0,0,0
"B0711","B07","3","2","center","120","control",0,1,0,0,6,0,1,1,9,0,1,0,0,0,9,0,0,0,0,0,0,1,0,0,0,13,0,1,0,0,4,0,8,0,1,0
"B0811","B08","3","2","center","120","pasture",0,4,0,0,2,0,0,0,32,0,0,0,0,0,2,0,0,0,0,0,0,7,0,0,0,6,0,19,0,0,4,0,2,0,0,0
"B0911","B09","3","2","center","120","sugar_cane",0,0,0,0,0,0,0,0,18,0,0,0,0,0,0,0,0,0,0,0,0,0,0,0,0,6,0,1,0,0,0,0,7,0,0,0
"B1011","B10","3","2","center","120","control",0,1,0,0,0,0,0,0,0,0,0,0,0,0,0,0,0,0,0,0,0,1,0,0,0,2,0,0,0,0,0,0,0,0,0,0
"B1111","B11","3","2","center","120","pasture",0,6,0,0,6,0,0,0,29,0,0,0,0,0,19,0,0,0,0,0,0,1,0,1,0,13,0,1,0,0,0,0,1,0,0,0
"B1211","B12","3","2","center","120","sugar_cane",0,0,0,0,0,0,0,1,10,0,0,0,0,0,0,0,0,0,0,0,0,2,0,0,0,3,0,7,0,0,9,0,6,0,0,0
"B1311","B13","3","2","center","120","control",0,1,0,0,0,0,0,0,1,0,0,0,0,0,0,0,0,0,0,0,0,1,0,0,0,3,0,0,0,0,0,0,1,0,0,0
"B1411","B14","3","2","center","120","pasture",0,0,0,0,0,1,0,0,4,0,0,0,0,0,3,0,0,0,0,0,0,3,0,0,0,4,0,0,0,0,1,0,2,0,0,0
"B1511","B15","3","2","center","120","sugar_cane",0,0,0,0,0,0,0,0,0,0,0,0,0,0,0,0,0,0,0,0,0,0,0,0,0,2,0,0,0,0,35,0,0,0,0,0
"C0111","C01","3","2","center","480","control",0,0,0,0,1,0,0,1,109,0,0,0,0,0,0,0,0,0,0,0,0,4,0,1,0,4,0,2,0,0,12,0,0,0,0,0
"C0211","C02","3","2","center","480","pasture",0,2,0,1,1,0,0,3,129,0,0,0,0,0,0,0,0,0,0,0,0,0,0,2,0,12,0,2,0,0,3,0,3,0,0,0
"C0311","C03","3","2","center","480","sugar_cane",0,0,0,0,0,0,0,0,9,0,0,0,0,0,0,0,0,0,0,0,0,0,0,0,0,14,0,0,0,1,0,0,0,0,0,0
"C0411","C04","3","2","center","480","control",0,0,0,0,4,0,0,0,27,0,9,0,0,0,1,0,0,0,0,0,0,0,0,0,0,8,0,2,0,0,9,0,1,0,0,0
"C0511","C05","3","2","center","480","pasture",0,0,0,0,1,0,0,3,34,0,11,0,0,0,2,0,0,0,0,0,0,0,0,0,0,5,0,0,0,0,16,0,2,0,0,0
"C0611","C06","3","2","center","480","sugar_cane",0,0,0,0,0,0,0,0,301,0,0,0,0,0,0,0,0,0,0,0,0,0,0,0,0,9,0,6,0,0,23,0,0,0,0,0
"C0711","C07","3","2","center","480","control",0,0,0,0,1,0,0,1,4,0,4,0,0,0,0,0,0,0,0,0,0,0,0,0,0,10,0,26,0,0,14,0,1,0,0,0
"C0811","C08","3","2","center","480","pasture",0,2,0,0,0,0,0,4,42,0,4,0,0,0,1,0,0,0,0,0,0,25,0,5,0,9,0,10,0,0,8,0,5,0,0,0
"C0911","C09","3","2","center","480","sugar_cane",0,0,0,0,0,0,0,1,4,0,0,0,0,0,0,0,0,0,0,0,0,0,0,0,0,8,0,0,0,0,69,0,3,0,0,0
"C1011","C10","3","2","center","480","control",0,9,0,0,13,0,0,3,10,0,0,0,0,0,1,0,0,0,0,0,0,0,0,0,0,5,0,0,0,0,0,0,3,0,0,0
"C1111","C11","3","2","center","480","pasture",0,3,0,0,2,0,0,0,117,0,2,0,0,0,0,0,0,0,0,0,0,3,0,0,0,12,0,3,0,0,3,0,10,0,0,0
"C1211","C12","3","2","center","480","sugar_cane",0,0,0,0,0,0,0,0,33,0,0,0,0,0,0,0,0,0,0,0,0,0,0,0,0,9,0,17,0,0,29,0,10,0,0,0
"C1311","C13","3","2","center","480","control",0,2,0,0,6,0,0,0,49,0,0,0,0,0,1,0,0,0,0,0,0,0,0,0,0,5,0,0,0,0,4,0,7,0,0,0
"C1411","C14","3","2","center","480","pasture",0,0,0,0,0,0,0,0,16,0,0,0,0,0,0,0,0,0,0,0,0,2,0,0,0,4,0,1,0,0,4,0,1,0,0,0
"C1511","C15","3","2","center","480","sugar_cane",0,0,0,0,0,0,0,1,306,0,0,0,0,0,0,0,0,0,0,0,0,0,0,0,0,4,0,0,0,0,16,0,0,0,0,0
"A0121","A01","3","3","center","30","control",0,2,0,0,3,0,0,1,11,0,0,0,0,0,2,1,0,0,0,0,0,0,0,0,0,0,0,0,0,0,8,0,6,0,0,0
"A0221","A02","3","3","center","30","pasture",0,0,0,0,0,1,0,0,60,0,0,0,0,0,0,0,0,0,0,0,0,0,0,0,0,4,0,5,0,0,5,0,4,0,0,0
"A0321","A03","3","3","center","30","sugar_cane",0,0,0,0,0,0,0,1,1,0,0,0,0,0,4,0,0,0,0,0,0,17,0,0,0,4,0,0,0,0,11,0,5,0,0,0
"A0421","A04","3","3","center","30","control",0,1,0,1,0,1,1,0,7,0,0,0,0,0,1,0,0,0,0,0,0,2,0,0,0,7,0,0,0,0,2,0,9,0,0,0
"A0521","A05","3","3","center","30","pasture",0,0,0,0,1,0,0,0,28,0,0,0,0,0,0,0,0,0,0,0,0,0,0,0,0,5,0,2,0,0,4,0,2,0,0,0
"A0621","A06","3","3","center","30","sugar_cane",0,0,0,1,0,0,0,0,25,0,0,0,0,0,0,0,0,0,0,0,0,5,0,0,0,1,0,22,0,0,28,0,0,0,0,0
"A0721","A07","3","3","center","30","control",0,0,0,3,0,0,0,0,4,0,0,0,0,0,0,0,0,0,0,0,0,3,0,0,0,3,0,0,0,0,1,0,3,0,0,0
"A0821","A08","3","3","center","30","pasture",0,3,0,0,2,1,0,1,42,0,1,0,0,0,2,2,0,0,0,0,0,1,0,0,0,9,0,0,0,0,8,0,4,0,0,0
"A0921","A09","3","3","center","30","sugar_cane",0,0,0,1,0,0,0,0,83,0,0,0,0,0,0,0,0,0,0,0,0,10,0,0,0,5,0,46,0,0,0,0,5,0,0,0
"A1021","A10","3","3","center","30","control",0,0,0,3,2,1,0,1,12,0,0,0,0,0,12,0,0,0,0,0,0,1,0,0,0,19,0,7,0,0,12,0,4,0,0,0
"A1121","A11","3","3","center","30","pasture",0,0,0,0,0,0,0,3,27,0,11,0,0,0,3,1,0,0,0,0,0,15,0,0,0,11,0,0,0,0,0,0,21,0,0,0
"A1221","A12","3","3","center","30","sugar_cane",0,0,0,0,0,0,0,0,4,0,0,0,0,0,0,0,0,0,0,0,0,5,0,0,0,5,0,0,0,0,7,0,0,0,0,0
"A1321","A13","3","3","center","30","control",0,3,0,1,0,0,0,0,163,0,0,0,0,0,0,0,0,0,0,0,0,0,0,0,0,7,0,0,0,0,2,0,1,0,0,0
"A1421","A14","3","3","center","30","pasture",0,5,0,0,2,0,0,0,49,0,1,0,0,0,1,0,0,0,0,0,0,3,0,0,0,9,0,2,0,0,3,0,8,0,0,0
"A1521","A15","3","3","center","30","sugar_cane",0,0,0,0,0,0,0,0,39,0,0,0,0,0,0,0,0,0,0,0,0,2,0,0,0,3,0,0,0,0,75,0,0,0,0,0
"B0121","B01","3","3","center","120","control",0,2,0,1,2,0,2,8,156,0,0,0,0,0,9,0,0,0,0,0,0,0,0,0,0,5,0,4,0,0,2,0,4,0,0,0
"B0221","B02","3","3","center","120","pasture",0,1,0,4,1,0,0,2,18,0,1,0,0,0,0,0,0,0,0,0,0,0,0,0,0,5,0,1,0,0,5,0,5,0,0,0
"B0321","B03","3","3","center","120","sugar_cane",0,0,0,0,0,0,0,0,2,0,0,0,0,0,0,0,0,0,0,0,0,4,0,0,0,2,0,4,0,0,19,0,0,0,0,0
"B0421","B04","3","3","center","120","control",0,3,0,0,4,10,0,0,33,0,0,0,0,0,10,0,0,0,0,0,0,1,0,0,0,2,0,12,0,0,1,0,3,0,0,0
"B0521","B05","3","3","center","120","pasture",0,6,0,0,2,5,0,1,9,0,0,0,0,0,5,0,0,0,0,0,0,0,0,0,0,0,0,1,0,0,9,0,0,0,0,0
"B0621","B06","3","3","center","120","sugar_cane",0,0,0,0,0,0,0,0,67,0,0,0,0,0,0,0,0,0,0,0,0,5,0,0,0,4,0,46,0,0,34,0,0,0,0,0
"B0721","B07","3","3","center","120","control",0,2,0,0,0,0,0,0,20,0,0,0,0,0,0,0,0,0,0,0,0,7,0,0,0,7,0,2,0,0,6,0,3,0,0,0
"B0821","B08","3","3","center","120","pasture",0,1,0,0,2,0,0,2,37,0,0,0,0,0,7,0,0,0,0,0,0,6,0,0,0,11,0,5,0,0,5,0,5,0,0,0
"B0921","B09","3","3","center","120","sugar_cane",0,0,0,0,0,0,0,2,88,0,0,0,0,0,0,0,0,0,0,0,0,3,0,0,0,7,0,0,0,0,0,0,5,0,0,0
"B1021","B10","3","3","center","120","control",0,5,0,0,0,2,1,0,12,0,0,0,0,0,3,0,0,0,0,0,0,0,0,0,0,1,0,0,0,0,1,0,3,0,0,0
"B1121","B11","3","3","center","120","pasture",0,3,0,0,0,0,0,0,31,0,1,0,0,0,15,0,0,0,0,0,0,2,0,3,0,9,0,0,0,0,0,0,2,0,0,0
"B1221","B12","3","3","center","120","sugar_cane",0,0,0,1,0,0,0,2,5,0,0,0,0,0,0,0,0,0,0,0,0,2,0,0,0,5,0,5,0,0,12,0,2,0,0,0
"B1321","B13","3","3","center","120","control",0,0,0,1,0,0,0,0,9,0,0,0,0,0,1,1,0,0,0,0,0,4,0,0,0,3,0,0,0,0,0,0,0,0,0,0
"B1421","B14","3","3","center","120","pasture",0,2,0,0,0,1,0,0,2,0,1,0,0,0,5,0,0,0,0,0,0,2,0,0,0,13,0,0,0,0,2,0,1,0,0,0
"B1521","B15","3","3","center","120","sugar_cane",0,0,0,0,0,0,0,0,7,0,0,0,0,0,0,0,0,0,0,0,0,0,0,0,0,5,0,0,0,0,2,0,0,1,0,0
"C0121","C01","3","3","center","480","control",0,0,0,0,0,0,3,0,149,0,0,0,0,0,0,0,0,0,0,0,0,0,0,0,0,2,0,0,0,0,22,0,1,0,0,0
"C0221","C02","3","3","center","480","pasture",0,2,0,0,0,1,0,2,260,0,0,0,0,0,0,0,0,0,0,0,0,0,1,4,0,10,0,0,0,0,8,0,0,0,1,0
"C0321","C03","3","3","center","480","sugar_cane",0,0,0,0,0,0,0,0,180,0,0,0,0,0,0,0,0,0,0,0,0,2,0,0,0,21,0,0,0,0,3,0,2,0,0,0
"C0421","C04","3","3","center","480","control",0,6,0,0,3,5,1,0,32,0,19,0,0,0,4,0,0,0,0,0,0,0,0,0,0,8,0,1,0,0,11,0,6,0,0,0
"C0521","C05","3","3","center","480","pasture",0,0,0,0,1,0,0,4,19,0,3,0,0,0,0,0,0,0,0,0,0,1,0,0,0,0,0,0,0,0,19,0,10,0,0,0
"C0621","C06","3","3","center","480","sugar_cane",0,0,0,0,0,0,0,2,501,0,0,0,0,0,0,0,0,0,0,0,0,0,0,0,0,1,0,5,0,0,13,0,4,0,0,0
"C0721","C07","3","3","center","480","control",0,4,0,0,2,0,0,0,15,0,11,0,0,0,0,0,0,0,0,0,0,2,0,0,0,36,0,17,0,1,8,0,4,0,0,0
"C0821","C08","3","3","center","480","pasture",0,0,0,0,0,0,1,2,121,0,0,0,0,0,2,0,0,0,0,0,0,0,0,0,0,7,0,1,0,0,7,0,4,0,0,0
"C0921","C09","3","3","center","480","sugar_cane",0,0,0,0,0,0,0,0,29,0,0,0,0,0,1,0,0,0,0,0,0,1,0,0,0,10,0,0,0,0,10,0,10,0,0,0
"C1021","C10","3","3","center","480","control",1,2,0,0,17,0,0,1,15,0,0,0,0,0,2,0,0,0,0,0,0,4,0,0,0,0,0,0,0,0,3,0,5,0,0,0
"C1121","C11","3","3","center","480","pasture",0,0,0,0,3,0,0,0,88,0,2,0,0,0,0,0,0,0,0,0,0,2,0,0,0,11,0,6,0,0,2,0,3,0,0,0
"C1221","C12","3","3","center","480","sugar_cane",0,0,0,2,0,0,0,0,31,0,0,0,0,0,0,0,0,0,0,0,0,1,0,0,0,15,0,22,0,1,18,0,16,0,0,0
"C1321","C13","3","3","center","480","control",0,1,0,0,7,0,0,0,41,0,1,0,0,0,0,0,0,0,0,0,0,0,0,0,0,8,0,0,0,0,1,0,7,0,0,0
"C1421","C14","3","3","center","480","pasture",0,0,0,0,0,0,0,0,33,0,0,0,0,0,0,0,0,0,0,0,0,10,0,0,0,11,0,5,0,0,13,0,0,0,0,0
"C1521","C15","3","3","center","480","sugar_cane",0,0,0,0,0,0,0,0,105,0,0,0,0,0,0,0,0,0,0,0,0,0,0,0,0,15,0,0,0,0,20,0,0,0,0,0
"A0131","A01","3","4","margin","30","control",0,0,0,0,0,0,0,0,8,0,1,0,1,0,17,1,0,0,0,0,0,7,0,0,0,1,0,0,0,0,1,0,7,0,0,0
"A0231","A02","3","4","margin","30","pasture",0,0,0,0,0,1,0,0,5,0,0,0,0,0,0,0,0,0,0,0,0,0,2,0,0,1,0,0,0,0,0,0,0,0,0,0
"A0331","A03","3","4","margin","30","sugar_cane",0,0,0,0,0,0,1,0,0,0,0,0,0,0,3,0,0,0,0,0,0,9,0,0,0,4,0,0,0,0,1,0,0,0,0,0
"A0431","A04","3","4","margin","30","control",0,0,0,0,0,0,0,0,35,0,0,0,0,0,3,1,0,0,0,0,0,14,0,0,1,9,0,0,0,0,0,0,3,0,0,0
"A0531","A05","3","4","margin","30","pasture",0,0,0,1,0,0,0,0,115,0,0,0,0,0,3,1,0,0,0,0,0,14,0,1,0,5,0,0,0,0,1,0,2,0,0,0
"A0631","A06","3","4","margin","30","sugar_cane",0,0,0,0,0,0,0,0,1,0,0,0,0,0,0,0,0,0,0,0,0,1,0,0,0,3,0,3,0,0,2,0,0,0,0,0
"A0731","A07","3","4","margin","30","control",0,4,0,0,2,0,0,0,40,0,0,0,0,0,2,0,0,0,0,0,0,3,0,0,0,4,0,0,0,0,0,0,1,0,0,0
"A0831","A08","3","4","margin","30","pasture",0,0,0,0,2,0,0,1,86,0,2,0,0,0,8,0,0,0,0,0,0,6,0,0,0,2,0,0,0,0,0,0,4,0,0,0
"A0931","A09","3","4","margin","30","sugar_cane",0,0,0,0,0,0,0,0,1,0,0,0,0,0,0,0,0,0,0,0,0,5,0,0,0,3,0,3,0,0,0,0,0,0,0,0
"A1031","A10","3","4","margin","30","control",0,0,0,0,0,0,0,0,7,0,2,0,0,0,0,0,0,0,0,0,0,17,0,0,0,2,0,0,0,0,6,0,0,0,0,0
"A1131","A11","3","4","margin","30","pasture",0,0,0,0,0,0,0,0,25,0,10,0,0,0,3,0,0,0,0,0,0,14,0,0,0,34,0,0,0,0,0,0,0,0,0,0
"A1231","A12","3","4","margin","30","sugar_cane",0,0,0,0,0,0,0,0,8,0,0,0,0,0,0,0,0,0,0,0,0,1,0,0,0,2,0,0,0,0,1,0,0,0,0,0
"A1331","A13","3","4","margin","30","control",0,0,0,0,0,0,0,0,6,0,0,0,0,0,0,1,0,0,0,0,0,7,0,0,0,1,0,0,0,0,0,0,0,0,0,0
"A1431","A14","3","4","margin","30","pasture",0,0,0,0,0,0,0,1,15,0,3,0,0,0,0,1,0,0,0,0,0,40,0,1,0,2,0,0,0,0,0,0,4,0,0,0
"A1531","A15","3","4","margin","30","sugar_cane",0,0,0,0,0,0,0,0,30,0,0,0,2,0,0,0,0,0,0,0,0,0,0,0,0,0,0,0,0,0,8,0,0,0,0,0
"B0131","B01","3","4","margin","120","control",0,0,0,0,0,1,0,1,37,0,0,0,0,0,0,0,0,0,0,0,0,15,0,0,0,4,0,0,0,0,3,0,1,0,0,0
"B0231","B02","3","4","margin","120","pasture",0,0,0,0,0,0,0,0,50,0,3,0,0,0,0,0,0,0,0,0,0,16,0,0,0,6,0,0,0,0,0,0,0,0,0,0
"B0331","B03","3","4","margin","120","sugar_cane",0,0,0,0,0,0,0,0,2,0,3,0,0,0,0,0,0,0,0,0,0,13,0,0,0,2,0,0,0,0,0,0,0,0,0,0
"B0431","B04","3","4","margin","120","control",0,0,0,0,0,0,1,0,29,0,0,0,0,1,1,0,0,0,0,0,0,4,0,0,0,2,0,59,0,0,15,0,0,0,0,0
"B0531","B05","3","4","margin","120","pasture",0,0,0,0,0,2,0,0,0,0,0,0,0,0,0,0,0,0,0,0,0,8,0,0,0,4,0,0,0,0,49,0,1,0,0,0
"B0631","B06","3","4","margin","120","sugar_cane",0,0,0,0,0,0,0,0,4,0,0,0,0,0,0,0,0,0,0,0,0,9,0,0,0,4,0,12,0,0,0,0,0,0,0,0
"B0731","B07","3","4","margin","120","control",0,0,0,0,0,0,0,0,0,0,3,0,0,0,0,0,0,0,0,0,0,7,0,0,0,2,0,0,0,0,0,0,0,0,0,0
"B0831","B08","3","4","margin","120","pasture",0,0,0,0,0,0,0,0,2,0,1,0,0,0,0,0,0,0,0,0,0,70,0,0,0,3,0,0,0,0,2,0,0,0,0,0
"B0931","B09","3","4","margin","120","sugar_cane",0,0,0,0,0,0,0,0,8,0,0,0,0,0,0,0,0,0,0,0,0,15,0,0,0,18,0,0,0,0,0,0,0,0,0,0
"B1031","B10","3","4","margin","120","control",0,1,0,0,0,0,0,0,22,0,0,0,0,0,1,0,0,0,1,0,0,0,0,0,0,1,0,1,0,0,0,0,3,0,0,0
"B1131","B11","3","4","margin","120","pasture",0,0,0,0,0,0,0,0,17,0,2,0,0,0,6,0,0,0,0,0,0,3,0,7,0,6,0,0,0,0,0,0,3,0,0,0
"B1231","B12","3","4","margin","120","sugar_cane",0,0,0,0,0,0,0,0,0,0,0,0,0,0,0,0,0,0,0,0,0,75,0,0,0,3,0,0,0,0,0,0,0,0,0,0
"B1331","B13","3","4","margin","120","control",0,0,0,0,0,1,0,0,3,0,0,0,0,0,4,0,0,0,0,0,0,18,0,0,0,3,0,0,0,0,0,0,1,0,0,0
"B1431","B14","3","4","margin","120","pasture",0,0,0,0,0,0,0,0,16,0,12,0,0,0,3,0,0,0,0,0,0,71,0,0,0,3,0,0,0,0,1,0,1,0,0,0
"B1531","B15","3","4","margin","120","sugar_cane",0,0,0,0,0,0,0,0,1,0,0,0,0,0,0,0,0,0,0,0,0,1,0,0,0,0,0,0,0,0,0,0,0,0,0,0
"C0131","C01","3","4","margin","480","control",0,0,0,0,0,0,0,0,89,0,0,0,0,0,0,0,0,0,0,0,0,0,0,0,0,8,0,0,0,0,1,0,0,0,0,0
"C0231","C02","3","4","margin","480","pasture",0,0,0,0,0,0,1,0,94,0,0,0,0,0,0,0,0,0,0,0,0,4,0,0,0,11,0,1,0,0,0,0,1,0,0,0
"C0331","C03","3","4","margin","480","sugar_cane",0,0,0,0,0,0,0,0,16,0,0,0,0,0,0,0,0,0,0,0,0,52,0,0,0,2,0,0,0,0,0,0,0,0,0,0
"C0431","C04","3","4","margin","480","control",0,0,0,0,0,2,0,0,17,0,23,0,0,0,0,0,0,0,0,0,0,8,0,0,0,2,0,0,0,0,0,0,1,0,0,0
"C0531","C05","3","4","margin","480","pasture",0,0,0,0,0,0,0,0,20,0,14,0,0,0,0,0,0,0,0,0,0,5,0,0,0,4,0,0,0,0,0,1,0,0,0,0
"C0631","C06","3","4","margin","480","sugar_cane",0,0,0,0,0,0,0,0,105,0,0,0,0,0,0,0,0,0,0,0,0,3,0,0,0,1,0,2,0,0,1,0,1,0,0,0
"C0731","C07","3","4","margin","480","control",0,0,0,0,0,0,0,0,59,0,3,0,0,0,0,0,0,0,0,0,0,6,0,0,0,6,0,0,0,0,1,0,0,0,0,0
"C0831","C08","3","4","margin","480","pasture",0,0,0,0,0,1,0,0,26,0,4,0,0,0,2,0,0,0,0,0,0,1,0,0,0,13,0,0,0,0,2,0,0,0,0,0
"C0931","C09","3","4","margin","480","sugar_cane",0,0,0,0,0,0,0,1,5,0,0,0,0,0,0,0,0,0,0,0,0,4,0,0,0,7,0,0,0,0,0,0,2,0,0,0
"C1031","C10","3","4","margin","480","control",0,0,0,0,1,0,0,0,36,0,6,0,0,0,4,0,0,0,0,0,0,18,0,0,0,9,0,0,0,0,0,0,1,0,0,0
"C1131","C11","3","4","margin","480","pasture",0,1,0,0,4,0,0,0,122,0,13,0,0,0,1,0,0,0,0,0,0,12,0,7,0,12,0,0,0,0,7,0,13,0,0,0
"C1231","C12","3","4","margin","480","sugar_cane",0,0,0,0,0,0,0,0,2,0,0,0,0,0,0,0,0,0,0,0,0,4,0,0,0,8,0,3,0,0,0,0,0,0,0,0
"C1331","C13","3","4","margin","480","control",0,1,0,0,1,0,1,0,19,0,0,0,0,0,1,0,0,0,0,0,0,0,0,0,0,5,0,0,0,0,0,0,0,0,0,0
"C1431","C14","3","4","margin","480","pasture",0,0,0,0,0,0,0,0,18,0,1,0,0,0,1,0,0,0,0,0,0,8,0,0,0,3,0,0,0,0,0,0,0,0,0,0
"C1531","C15","3","4","margin","480","sugar_cane",0,0,0,2,0,0,0,0,26,0,0,0,0,0,0,0,0,0,0,0,0,0,0,0,0,3,0,0,0,0,1,0,0,0,0,0
"A016","A01","4","1","center","30","control",0,1,0,2,1,0,0,1,80,0,0,0,0,0,0,0,0,0,0,0,0,0,0,0,0,2,0,0,0,0,7,0,24,0,0,0
"A026","A02","4","1","center","30","pasture",0,0,0,0,0,0,0,0,1,0,3,0,0,0,0,0,0,0,0,0,0,1,0,1,0,7,0,0,0,0,2,0,6,0,0,0
"A036","A03","4","1","center","30","sugar_cane",0,0,0,0,0,0,0,2,11,0,15,0,0,0,1,0,0,0,0,0,0,0,0,9,0,2,0,0,0,0,0,0,5,0,0,0
"A046","A04","4","1","center","30","control",0,11,0,1,8,3,0,0,98,0,0,0,0,0,3,0,0,0,0,0,0,0,0,0,0,1,0,0,0,0,0,0,19,0,0,0
"A056","A05","4","1","center","30","pasture",0,0,0,2,0,0,0,0,7,0,0,0,0,0,0,0,0,0,0,0,0,3,0,3,0,1,0,0,0,0,5,0,10,0,0,0
"A066","A06","4","1","center","30","sugar_cane",0,1,0,3,0,0,0,0,132,0,0,0,0,0,0,0,0,0,0,0,0,1,0,1,0,7,0,0,0,0,1,0,3,0,0,0
"A076","A07","4","1","center","30","control",0,0,0,1,14,2,0,0,128,0,0,0,0,0,1,0,0,0,0,0,0,2,0,0,0,4,0,0,0,0,1,0,0,0,0,0
"A086","A08","4","1","center","30","pasture",0,2,0,2,0,0,0,0,3,0,0,0,0,0,1,0,0,0,0,0,0,1,0,1,0,3,0,0,0,0,0,0,1,0,0,0
"A096","A09","4","1","center","30","sugar_cane",0,0,0,0,0,0,0,0,24,0,0,0,0,0,7,0,0,0,0,0,0,4,0,1,0,1,0,0,0,0,0,0,7,0,0,0
"A106","A10","4","1","center","30","control",0,0,0,9,14,0,0,0,41,0,0,0,0,0,0,0,0,0,0,0,0,1,0,0,0,2,0,0,0,0,2,0,12,0,0,0
"A116","A11","4","1","center","30","pasture",0,3,0,1,0,0,0,1,16,0,0,0,0,0,2,0,0,0,0,0,0,0,0,0,0,0,0,0,0,0,0,0,11,0,0,0
"A126","A12","4","1","center","30","sugar_cane",0,0,0,2,0,0,0,0,9,0,0,0,0,0,0,0,0,0,0,0,0,1,0,2,0,17,0,0,0,0,1,0,4,0,0,0
"A136","A13","4","1","center","30","control",0,0,0,1,5,0,0,0,231,0,0,0,0,0,3,0,0,0,0,0,0,0,0,0,0,3,0,0,0,0,0,0,16,0,0,0
"A146","A14","4","1","center","30","pasture",0,1,0,0,0,0,0,0,23,0,0,0,0,0,1,0,0,0,0,0,0,0,0,0,0,1,0,0,0,0,0,0,5,0,0,0
"A156","A15","4","1","center","30","sugar_cane",0,0,0,1,1,0,0,0,65,0,0,0,0,0,0,0,0,0,0,0,0,0,0,0,0,4,0,0,0,0,11,0,5,0,0,0
"B016","B01","4","1","center","120","control",0,0,0,2,0,0,0,0,31,0,0,0,0,0,0,0,0,0,0,0,0,0,0,0,0,4,0,0,0,0,2,0,15,0,0,0
"B026","B02","4","1","center","120","pasture",0,0,0,1,0,0,0,0,45,0,0,0,0,0,0,0,0,0,0,0,0,0,0,0,0,15,0,0,0,0,0,0,6,0,0,0
"B036","B03","4","1","center","120","sugar_cane",0,0,0,0,0,0,0,1,3,0,0,0,0,0,0,0,0,0,0,0,0,0,0,0,0,4,0,0,0,0,1,0,11,0,0,0
"B046","B04","4","1","center","120","control",0,0,0,4,2,2,0,1,18,0,0,0,0,0,5,0,0,0,0,0,0,0,0,0,0,4,0,0,0,0,5,0,3,0,0,0
"B056","B05","4","1","center","120","pasture",0,0,0,1,0,3,0,0,12,0,0,0,0,0,3,0,0,0,0,0,0,3,0,0,0,4,0,0,0,0,3,0,28,0,0,0
"B066","B06","4","1","center","120","sugar_cane",0,0,0,5,0,0,0,0,13,0,0,0,0,0,0,0,0,0,0,0,0,2,0,0,0,3,0,0,0,0,2,0,2,0,0,0
"B076","B07","4","1","center","120","control",0,0,0,0,3,0,0,0,281,0,0,0,0,0,0,0,0,0,0,0,0,2,0,0,0,6,0,0,0,0,1,0,15,0,0,0
"B086","B08","4","1","center","120","pasture",0,2,0,1,0,0,0,0,125,0,0,0,0,0,4,0,0,0,0,0,0,0,0,1,0,5,0,0,0,0,1,0,13,0,0,0
"B096","B09","4","1","center","120","sugar_cane",0,0,0,0,0,0,0,0,74,0,0,0,0,0,1,0,0,0,0,0,0,9,0,0,0,4,0,0,0,0,1,0,9,0,0,0
"B106","B10","4","1","center","120","control",0,4,0,0,0,0,0,0,47,0,0,0,0,0,1,0,0,0,0,0,0,1,0,0,0,2,0,0,0,0,0,0,9,0,0,0
"B116","B11","4","1","center","120","pasture",0,1,0,0,1,1,0,0,199,0,0,0,0,0,2,0,0,0,0,0,0,0,0,1,0,3,0,0,0,0,0,0,6,0,0,0
"B126","B12","4","1","center","120","sugar_cane",0,0,0,0,0,0,0,1,6,0,0,0,0,0,0,0,0,0,0,0,0,0,0,0,0,1,0,0,0,0,0,0,1,0,0,0
"B136","B13","4","1","center","120","control",0,0,0,5,1,0,0,0,32,0,0,0,0,0,0,0,0,0,0,0,0,4,0,0,0,4,0,0,0,0,3,0,5,0,0,0
"B146","B14","4","1","center","120","pasture",0,0,0,0,0,1,0,0,136,0,0,0,0,0,0,0,0,0,0,0,0,0,0,0,0,2,0,0,0,0,1,0,12,0,0,0
"B156","B15","4","1","center","120","sugar_cane",0,1,0,1,0,0,0,0,16,0,0,0,0,0,0,0,0,0,0,0,0,0,0,0,0,1,0,0,0,0,0,0,10,0,0,0
"C016","C01","4","1","center","480","control",0,2,0,3,0,0,0,1,88,0,0,0,0,0,0,0,0,0,0,0,0,0,0,0,0,3,0,0,0,0,0,0,5,0,0,0
"C026","C02","4","1","center","480","pasture",0,0,0,1,0,0,0,0,123,0,0,0,0,0,0,0,0,0,0,0,0,0,0,0,0,6,0,2,0,0,7,0,11,0,0,0
"C036","C03","4","1","center","480","sugar_cane",0,0,0,0,0,0,0,0,42,0,0,0,0,0,0,0,0,0,0,0,0,0,0,0,0,2,0,0,0,0,0,0,9,0,0,0
"C046","C04","4","1","center","480","control",0,0,0,1,0,0,0,0,13,0,0,0,0,0,0,0,0,0,0,0,0,0,0,0,0,2,0,0,0,0,3,0,3,0,0,0
"C056","C05","4","1","center","480","pasture",0,1,0,5,0,0,0,0,2,0,0,0,0,0,0,0,0,0,0,0,0,0,0,0,0,1,0,0,0,0,2,0,15,0,0,0
"C066","C06","4","1","center","480","sugar_cane",0,0,0,0,0,0,0,1,55,0,0,0,0,0,0,0,0,0,0,0,0,1,0,0,0,1,0,0,0,0,3,0,7,0,0,0
"C076","C07","4","1","center","480","control",0,0,0,0,0,0,0,1,37,0,0,0,0,0,0,0,0,0,0,0,0,0,0,0,0,3,0,0,0,0,1,0,11,0,0,0
"C086","C08","4","1","center","480","pasture",0,1,0,0,1,0,0,4,75,0,0,0,0,0,0,0,0,0,0,0,0,1,0,0,0,10,0,0,0,0,0,0,6,0,0,0
"C096","C09","4","1","center","480","sugar_cane",0,0,0,0,0,0,0,0,87,0,0,0,0,0,0,0,0,0,0,0,0,0,0,0,0,6,0,0,0,0,1,0,8,0,0,0
"C106","C10","4","1","center","480","control",0,0,0,5,0,0,0,0,107,0,0,0,0,0,0,0,0,0,0,0,0,3,0,0,0,2,0,0,0,0,7,0,25,0,0,0
"C116","C11","4","1","center","480","pasture",0,0,0,0,0,0,0,0,15,0,0,0,0,0,0,0,0,0,0,0,0,0,0,2,0,2,0,0,0,0,0,0,10,0,0,0
"C126","C12","4","1","center","480","sugar_cane",0,0,0,1,0,0,0,0,33,0,0,0,0,0,0,0,0,0,0,0,0,0,0,0,0,3,0,0,0,0,0,0,5,0,0,0
"C136","C13","4","1","center","480","control",0,0,0,0,0,0,0,0,93,0,0,0,0,0,0,0,0,0,0,0,0,2,0,0,0,2,0,0,0,0,3,0,17,0,0,0
"C146","C14","4","1","center","480","pasture",0,0,0,1,0,0,0,0,7,0,0,0,0,0,0,0,0,0,0,0,0,1,0,0,0,4,0,0,0,0,1,0,18,0,0,0
"C156","C15","4","1","center","480","sugar_cane",0,0,0,0,0,0,0,0,30,0,0,0,0,0,0,0,0,0,0,0,0,2,0,3,0,7,0,0,0,0,1,0,11,0,0,0
"A0112","A01","4","2","center","30","control",0,0,0,1,2,0,0,1,43,0,0,0,0,0,0,0,0,0,0,0,0,0,0,0,0,0,0,0,0,0,6,0,17,0,0,0
"A0212","A02","4","2","center","30","pasture",0,1,0,1,0,0,0,0,5,0,2,0,0,0,0,0,0,0,0,0,0,0,0,1,0,4,0,0,0,0,7,0,4,0,0,0
"A0312","A03","4","2","center","30","sugar_cane",0,1,0,0,0,0,0,0,17,0,1,0,0,0,0,0,0,0,0,0,0,0,0,1,0,3,0,0,0,0,1,0,8,0,0,0
"A0412","A04","4","2","center","30","control",0,10,0,2,12,4,0,0,174,0,0,0,0,0,4,1,0,0,0,0,0,0,0,0,0,5,0,0,1,0,4,0,18,0,0,0
"A0512","A05","4","2","center","30","pasture",0,0,0,0,0,0,0,0,10,0,0,0,0,0,0,0,0,0,0,0,0,0,0,0,0,1,0,0,0,0,5,0,11,0,0,0
"A0612","A06","4","2","center","30","sugar_cane",0,0,0,1,2,0,0,0,208,0,0,0,0,0,0,0,0,0,0,0,0,1,0,0,0,8,0,0,0,0,2,0,4,0,0,0
"A0712","A07","4","2","center","30","control",0,0,0,3,11,2,0,0,76,0,0,0,0,0,3,0,0,0,0,0,0,2,0,0,0,2,0,0,0,0,2,0,12,0,0,0
"A0812","A08","4","2","center","30","pasture",0,0,0,0,0,0,0,0,3,0,0,0,0,0,0,0,0,0,0,0,0,2,0,0,0,4,0,0,0,0,3,0,3,0,0,0
"A0912","A09","4","2","center","30","sugar_cane",0,1,0,0,0,0,0,0,50,0,0,0,0,0,0,0,0,0,0,0,0,0,0,0,0,2,0,0,0,0,1,0,7,0,0,0
"A1012","A10","4","2","center","30","control",0,2,0,0,49,0,0,0,143,0,0,0,0,0,2,0,0,0,0,0,0,2,0,0,1,2,0,0,0,0,5,0,24,0,0,0
"A1112","A11","4","2","center","30","pasture",0,3,0,0,0,0,0,0,1,0,0,0,0,0,0,0,0,0,0,0,0,0,0,0,0,4,0,0,0,0,0,0,3,0,0,0
"A1212","A12","4","2","center","30","sugar_cane",0,0,0,2,0,0,0,0,26,0,0,0,0,0,1,0,0,0,0,0,0,0,0,1,0,22,0,0,0,0,1,0,1,0,0,0
"A1312","A13","4","2","center","30","control",0,4,0,0,36,0,0,1,199,0,0,0,0,0,12,0,0,0,0,0,0,0,0,1,0,6,0,0,0,0,3,0,13,0,0,0
"A1412","A14","4","2","center","30","pasture",0,0,0,0,1,0,0,0,18,0,0,0,0,0,2,0,0,0,0,0,0,1,0,0,0,1,0,0,0,0,1,0,3,0,0,0
"A1512","A15","4","2","center","30","sugar_cane",0,0,0,0,1,0,0,0,114,0,0,0,0,0,0,0,0,0,0,0,0,0,0,0,0,3,0,0,0,0,21,0,8,0,0,0
"B0112","B01","4","2","center","120","control",0,0,0,0,0,0,0,0,37,0,0,0,0,0,0,0,0,0,0,0,0,0,0,1,0,1,0,0,0,0,2,0,12,0,0,0
"B0212","B02","4","2","center","120","pasture",0,0,0,0,0,2,0,0,22,0,0,0,0,0,0,0,0,0,0,0,0,0,0,0,0,19,0,0,0,0,0,0,2,0,0,0
"B0312","B03","4","2","center","120","sugar_cane",0,0,0,0,0,0,0,0,0,0,0,0,0,0,0,0,0,0,0,0,0,0,0,0,0,2,0,0,0,0,2,0,2,0,0,0
"B0412","B04","4","2","center","120","control",0,0,0,0,0,0,0,0,0,0,0,0,0,0,0,0,0,0,0,0,0,0,0,0,0,0,0,0,0,0,3,0,0,0,0,0
"B0512","B05","4","2","center","120","pasture",0,1,0,0,0,0,0,0,5,0,0,0,0,0,0,0,0,0,0,0,0,0,0,1,0,9,0,0,0,0,1,0,14,0,0,0
"B0612","B06","4","2","center","120","sugar_cane",0,0,0,0,0,0,0,0,24,0,0,0,0,0,0,0,0,0,0,0,0,0,0,0,0,1,0,0,0,0,2,0,11,0,0,0
"B0712","B07","4","2","center","120","control",0,0,0,1,1,0,0,0,93,0,0,0,0,0,0,0,0,0,0,0,0,4,0,0,0,13,0,0,0,0,13,0,6,0,0,0
"B0812","B08","4","2","center","120","pasture",0,1,0,0,0,0,0,0,195,0,0,0,0,0,0,0,0,0,0,0,0,0,0,0,0,3,0,0,0,0,0,0,14,0,0,0
"B0912","B09","4","2","center","120","sugar_cane",0,0,0,0,0,0,0,0,51,0,0,0,0,0,5,0,0,0,0,0,0,2,0,0,0,4,0,0,0,0,0,0,10,0,0,0
"B1012","B10","4","2","center","120","control",0,2,0,2,1,0,0,0,36,0,0,0,0,0,3,0,0,0,0,0,0,1,0,0,0,3,0,0,0,0,0,0,11,0,0,0
"B1112","B11","4","2","center","120","pasture",0,0,0,1,4,0,0,0,126,0,0,0,0,0,5,0,0,0,0,0,0,0,0,0,0,4,0,0,0,0,0,0,4,0,0,0
"B1212","B12","4","2","center","120","sugar_cane",0,0,0,0,0,0,0,0,21,0,0,0,0,0,0,0,0,0,0,0,0,3,0,0,0,1,0,0,0,0,0,0,1,0,0,0
"B1312","B13","4","2","center","120","control",0,0,0,5,1,1,0,0,60,0,0,0,0,0,6,0,0,0,0,0,0,7,0,0,0,2,0,0,0,0,7,0,5,0,0,0
"B1412","B14","4","2","center","120","pasture",0,0,0,0,0,0,0,2,244,0,0,0,0,0,2,0,0,0,0,0,0,0,0,0,0,6,0,0,0,0,3,0,4,0,0,0
"B1512","B15","4","2","center","120","sugar_cane",0,0,0,1,0,0,0,0,1,0,0,0,0,0,0,0,0,0,0,0,0,0,0,0,0,5,0,0,0,0,0,0,4,0,0,0
"C0112","C01","4","2","center","480","control",0,3,0,0,0,0,0,1,388,0,1,0,0,0,0,0,0,0,0,0,0,2,0,0,0,0,0,0,0,0,0,0,14,0,0,0
"C0212","C02","4","2","center","480","pasture",0,0,0,3,0,0,0,0,113,0,0,0,0,0,0,0,0,0,0,0,0,0,0,0,0,11,0,0,0,0,9,0,5,0,0,0
"C0312","C03","4","2","center","480","sugar_cane",0,0,0,0,0,0,0,1,108,0,3,0,0,0,0,0,0,0,0,0,0,4,0,0,0,9,0,0,0,0,1,0,18,0,0,0
"C0412","C04","4","2","center","480","control",0,2,0,4,0,0,0,0,59,0,0,0,0,0,0,0,0,0,0,0,0,0,0,0,0,2,0,0,0,0,3,0,6,0,0,0
"C0512","C05","4","2","center","480","pasture",0,0,0,0,0,0,0,0,0,0,0,0,0,0,1,0,0,0,0,0,0,0,0,0,0,3,0,0,0,0,1,0,1,0,0,0
"C0612","C06","4","2","center","480","sugar_cane",0,0,0,0,0,0,0,1,25,0,2,0,0,0,0,0,0,0,0,0,0,5,0,0,0,2,0,0,0,0,1,0,10,0,0,0
"C0712","C07","4","2","center","480","control",0,0,0,0,0,0,0,0,19,0,0,0,0,0,0,0,0,0,0,0,0,0,0,0,0,10,0,0,0,0,7,0,2,0,0,0
"C0812","C08","4","2","center","480","pasture",0,1,0,0,0,0,0,14,26,0,0,0,0,0,0,0,0,0,0,0,0,10,0,0,0,3,0,0,0,0,0,0,20,0,0,0
"C0912","C09","4","2","center","480","sugar_cane",0,0,0,0,0,0,0,0,7,0,0,0,0,0,1,0,0,0,0,0,0,1,0,0,0,5,0,0,0,0,1,0,30,0,0,0
"C1012","C10","4","2","center","480","control",0,0,0,3,1,0,0,0,20,0,0,0,0,0,1,0,0,0,0,0,0,0,0,0,0,0,0,0,0,0,23,0,10,0,0,0
"C1112","C11","4","2","center","480","pasture",0,0,0,5,0,0,0,0,27,0,0,0,0,0,0,0,0,0,0,0,0,50,0,3,0,2,0,0,0,0,2,0,6,0,0,0
"C1212","C12","4","2","center","480","sugar_cane",0,0,0,1,0,0,0,0,66,0,0,0,0,0,2,0,0,0,0,0,0,4,0,0,0,9,0,0,0,0,7,0,6,0,0,0
"C1312","C13","4","2","center","480","control",0,3,0,0,1,0,0,0,463,0,0,0,0,0,0,0,0,0,0,0,0,1,0,0,0,1,0,0,0,0,5,0,14,0,0,0
"C1412","C14","4","2","center","480","pasture",0,0,0,0,0,0,0,0,6,0,0,0,0,0,0,0,0,0,0,0,0,3,0,0,0,2,0,0,0,0,2,0,14,0,0,0
"C1512","C15","4","2","center","480","sugar_cane",0,0,0,1,0,0,0,0,30,0,0,0,0,0,0,0,0,0,0,0,0,0,0,0,0,8,0,0,0,0,0,0,3,0,0,0
"A0122","A01","4","3","center","30","control",0,0,0,1,1,0,0,1,12,0,0,0,0,0,0,0,0,0,0,0,0,0,0,0,0,1,0,0,0,0,7,0,6,0,0,0
"A0222","A02","4","3","center","30","pasture",0,2,0,0,0,0,0,0,2,0,3,0,0,0,1,0,0,0,0,0,0,0,0,1,0,4,0,0,0,0,4,0,7,0,0,0
"A0322","A03","4","3","center","30","sugar_cane",0,0,0,0,0,0,0,0,8,0,23,0,0,0,1,0,0,0,0,0,0,0,0,3,0,2,0,0,0,0,1,0,5,0,0,0
"A0422","A04","4","3","center","30","control",0,0,0,0,0,0,0,0,122,0,0,0,0,0,0,0,0,0,0,0,0,2,0,0,0,1,0,0,0,0,0,0,4,0,0,0
"A0522","A05","4","3","center","30","pasture",0,0,0,0,0,0,0,0,1,0,0,0,0,0,0,0,0,0,0,0,0,14,0,0,0,2,0,0,0,0,7,0,4,0,0,0
"A0622","A06","4","3","center","30","sugar_cane",0,0,0,0,0,0,0,0,114,0,0,0,0,0,0,0,0,0,0,0,0,0,0,0,0,9,0,0,0,0,9,0,2,0,0,0
"A0722","A07","4","3","center","30","control",0,0,0,0,5,0,0,0,26,0,0,0,0,0,2,0,0,0,0,0,0,4,0,0,0,1,0,0,0,0,1,0,15,0,0,0
"A0822","A08","4","3","center","30","pasture",0,0,0,0,0,0,0,1,39,0,0,0,0,0,0,0,0,0,0,0,0,0,0,1,0,5,0,0,0,0,0,0,5,0,0,0
"A0922","A09","4","3","center","30","sugar_cane",0,0,0,0,0,0,1,0,87,0,0,0,0,0,4,0,0,0,0,0,0,4,0,0,0,2,0,0,0,0,1,0,13,0,0,0
"A1022","A10","4","3","center","30","control",0,0,0,1,3,0,0,0,119,0,0,0,0,0,0,0,0,0,0,0,0,1,0,0,0,3,0,0,0,0,1,0,21,0,0,0
"A1122","A11","4","3","center","30","pasture",0,4,0,2,0,0,0,1,20,0,0,0,0,0,5,0,0,0,0,0,0,2,0,0,0,0,0,0,0,0,2,0,8,0,0,0
"A1222","A12","4","3","center","30","sugar_cane",0,1,0,0,0,0,0,1,18,0,0,0,0,0,0,0,0,0,0,0,0,0,0,0,0,34,0,0,0,0,0,0,1,0,0,0
"A1322","A13","4","3","center","30","control",0,1,0,1,2,0,0,0,155,0,0,0,0,0,1,0,0,0,0,0,0,0,0,0,0,6,0,0,0,0,0,0,6,0,0,0
"A1422","A14","4","3","center","30","pasture",0,0,0,0,0,0,0,0,27,0,0,0,0,0,0,0,0,0,0,0,0,0,0,0,0,3,0,0,0,0,0,0,1,0,0,0
"A1522","A15","4","3","center","30","sugar_cane",0,0,0,3,0,0,0,0,60,0,0,0,0,0,0,0,0,0,0,0,0,4,0,0,0,3,0,0,0,0,6,0,3,0,0,0
"B0122","B01","4","3","center","120","control",0,0,0,6,0,0,0,0,119,0,0,0,0,0,0,0,0,0,0,0,0,0,0,0,0,8,0,0,0,0,4,0,5,0,0,0
"B0222","B02","4","3","center","120","pasture",0,0,0,8,0,0,0,0,46,0,0,0,0,0,0,0,0,0,0,0,0,3,0,0,0,9,0,0,0,0,0,0,5,0,0,0
"B0322","B03","4","3","center","120","sugar_cane",0,0,0,0,0,0,0,0,4,0,0,0,0,0,0,0,0,0,0,0,0,5,0,0,0,9,0,0,0,0,1,0,4,0,0,0
"B0422","B04","4","3","center","120","control",0,0,0,0,0,0,0,0,0,0,0,0,0,0,0,0,0,0,0,0,0,0,0,0,0,0,0,0,0,0,1,0,0,0,0,0
"B0522","B05","4","3","center","120","pasture",0,0,0,0,0,0,0,0,8,0,0,0,0,0,2,0,0,0,0,0,0,0,0,1,0,8,0,0,0,0,5,0,18,0,0,0
"B0622","B06","4","3","center","120","sugar_cane",0,0,0,17,0,0,0,0,81,0,0,0,0,0,0,0,0,0,0,0,0,0,0,0,0,3,0,0,0,0,7,0,17,0,0,0
"B0722","B07","4","3","center","120","control",0,0,0,1,0,0,0,0,225,0,0,0,0,0,1,0,0,0,0,0,0,0,0,0,0,12,0,0,0,0,3,0,19,0,0,0
"B0822","B08","4","3","center","120","pasture",0,0,0,4,0,0,0,0,215,0,0,0,0,0,0,0,0,0,0,0,0,0,0,0,0,0,0,0,0,0,2,0,8,0,0,0
"B0922","B09","4","3","center","120","sugar_cane",0,0,0,0,0,0,0,0,29,0,0,0,0,0,2,0,0,0,0,0,0,0,0,1,0,3,0,0,0,0,0,0,10,0,0,0
"B1022","B10","4","3","center","120","control",0,0,0,0,0,0,1,1,29,0,0,0,0,0,0,0,0,0,0,0,0,2,0,0,0,0,0,0,0,0,0,0,17,0,0,0
"B1122","B11","4","3","center","120","pasture",0,1,0,2,12,0,0,0,148,0,0,0,0,0,6,0,0,0,0,0,0,0,0,0,0,1,0,0,0,0,0,0,5,0,0,0
"B1222","B12","4","3","center","120","sugar_cane",0,0,0,2,0,0,0,0,19,0,0,0,0,0,1,0,0,0,0,0,0,8,0,0,0,8,0,0,0,0,2,0,0,0,0,0
"B1322","B13","4","3","center","120","control",0,0,0,0,1,0,0,0,54,0,0,0,0,0,0,0,0,0,0,0,0,4,0,0,0,2,0,0,0,0,3,0,5,0,0,0
"B1422","B14","4","3","center","120","pasture",0,0,0,13,0,1,0,0,218,0,0,0,0,0,6,0,0,0,0,0,0,1,0,0,0,4,0,0,0,0,26,0,2,0,0,0
"B1522","B15","4","3","center","120","sugar_cane",0,0,0,1,0,0,0,0,15,0,0,0,0,0,0,0,0,0,0,0,0,1,0,0,0,3,0,0,0,0,0,0,3,0,0,0
"C0122","C01","4","3","center","480","control",0,1,0,0,0,0,0,0,315,0,0,0,0,0,0,0,0,0,0,0,0,2,0,1,0,6,0,0,0,0,0,0,6,0,0,0
"C0222","C02","4","3","center","480","pasture",0,0,0,0,0,0,0,0,20,0,0,0,0,0,0,0,0,0,0,0,0,0,0,0,0,8,0,1,0,0,8,0,6,0,0,0
"C0322","C03","4","3","center","480","sugar_cane",0,0,0,0,0,0,0,0,81,0,0,0,0,0,0,0,0,0,0,0,0,2,0,0,0,5,0,0,0,0,7,0,11,0,0,0
"C0422","C04","4","3","center","480","control",0,1,0,8,0,0,0,0,115,0,0,0,0,0,0,0,0,0,0,0,0,1,0,0,0,1,0,0,0,0,4,0,5,0,0,0
"C0522","C05","4","3","center","480","pasture",0,0,0,12,0,0,0,0,0,0,0,0,0,0,0,0,0,0,0,0,0,2,0,0,0,12,0,0,0,0,9,0,15,0,0,0
"C0622","C06","4","3","center","480","sugar_cane",0,0,0,0,0,0,0,0,50,0,1,0,0,0,0,0,0,0,0,0,0,7,0,0,0,4,0,0,0,0,8,0,13,0,0,0
"C0722","C07","4","3","center","480","control",0,0,0,0,0,0,0,0,45,0,0,0,0,0,0,0,0,0,0,0,0,1,0,0,0,5,0,0,0,0,6,0,9,0,0,0
"C0822","C08","4","3","center","480","pasture",0,0,0,0,0,0,0,3,32,0,0,0,0,0,0,0,0,0,0,0,0,9,0,0,0,5,0,0,0,0,4,0,3,0,0,0
"C0922","C09","4","3","center","480","sugar_cane",0,0,0,0,0,0,0,1,2,0,0,0,0,0,0,0,0,0,0,0,0,1,0,0,0,2,0,0,0,0,0,0,7,0,0,0
"C1022","C10","4","3","center","480","control",0,0,0,6,1,0,0,0,30,0,0,0,0,0,0,0,0,0,0,0,0,0,0,0,0,3,0,0,0,1,37,0,9,0,0,0
"C1122","C11","4","3","center","480","pasture",0,0,0,0,0,0,0,0,84,0,0,0,0,0,0,0,0,0,0,0,0,0,0,3,0,0,0,0,0,0,1,0,11,0,0,0
"C1222","C12","4","3","center","480","sugar_cane",0,1,0,3,0,0,0,0,110,0,0,0,0,0,1,0,0,0,0,0,0,3,0,0,0,13,0,0,0,0,3,0,9,0,0,0
"C1322","C13","4","3","center","480","control",0,0,0,0,0,0,0,0,8,0,0,0,0,0,0,0,0,0,0,0,0,17,0,2,0,4,0,0,0,0,14,0,3,0,0,0
"C1422","C14","4","3","center","480","pasture",0,0,0,5,2,0,0,2,6,0,0,0,0,0,0,0,0,0,0,0,0,5,0,0,0,4,0,0,0,0,7,0,22,0,0,0
"C1522","C15","4","3","center","480","sugar_cane",0,0,0,0,0,0,0,0,64,0,0,0,0,0,1,0,0,0,0,0,0,0,0,5,0,5,0,0,0,0,4,0,1,0,0,0
"A0132","A01","4","4","margin","30","control",0,0,0,1,2,0,0,0,34,0,0,0,0,0,0,0,0,0,0,0,0,0,0,0,0,2,0,0,0,0,0,0,4,0,0,0
"A0232","A02","4","4","margin","30","pasture",0,0,0,0,0,0,0,0,3,0,21,0,0,0,0,0,0,0,0,0,0,0,0,0,0,5,0,0,0,0,0,0,3,0,0,0
"A0332","A03","4","4","margin","30","sugar_cane",0,0,0,0,0,0,0,0,32,0,13,0,0,0,2,0,0,0,0,0,0,7,0,3,0,4,0,0,0,0,0,0,0,0,0,0
"A0432","A04","4","4","margin","30","control",0,1,0,1,1,1,0,0,157,0,0,0,0,0,0,0,0,0,0,0,0,0,0,0,0,5,0,0,1,0,0,0,10,0,0,0
"A0532","A05","4","4","margin","30","pasture",0,3,0,0,0,0,0,0,29,0,0,0,0,0,0,0,0,0,0,0,0,13,0,0,0,2,0,0,0,0,0,0,0,0,0,0
"A0632","A06","4","4","margin","30","sugar_cane",0,0,0,0,0,0,0,0,79,0,0,0,0,0,0,0,0,0,0,0,0,0,0,0,0,4,0,0,0,0,0,0,0,0,0,0
"A0732","A07","4","4","margin","30","control",0,0,0,0,0,0,0,0,8,0,0,0,0,0,0,0,0,0,0,0,0,2,0,0,0,1,0,0,0,0,0,0,5,0,0,0
"A0832","A08","4","4","margin","30","pasture",0,0,0,0,0,0,0,0,27,0,0,0,0,0,0,0,0,0,0,0,0,9,0,1,0,1,0,0,0,0,0,0,2,0,0,0
"A0932","A09","4","4","margin","30","sugar_cane",0,1,0,0,0,0,0,0,2,0,0,0,0,0,12,0,0,0,0,0,0,6,0,1,0,2,0,0,0,0,0,0,7,0,0,0
"A1032","A10","4","4","margin","30","control",0,0,0,1,0,0,0,0,23,0,0,0,0,0,0,0,0,0,0,0,0,26,0,0,0,6,0,0,0,0,0,0,5,0,0,0
"A1132","A11","4","4","margin","30","pasture",0,0,0,0,0,2,0,0,18,0,2,0,0,0,2,0,0,0,0,0,0,7,0,0,0,2,0,0,0,0,0,0,3,0,0,0
"A1232","A12","4","4","margin","30","sugar_cane",0,1,0,0,0,0,0,0,274,0,0,0,0,0,0,0,0,0,0,0,0,2,0,0,0,15,0,0,0,0,0,0,0,0,0,0
"A1332","A13","4","4","margin","30","control",0,0,0,0,0,0,0,0,4,0,9,0,0,0,1,0,0,0,0,0,0,2,0,0,0,2,0,0,0,0,0,0,1,0,0,0
"A1432","A14","4","4","margin","30","pasture",0,1,0,0,0,0,0,0,77,0,1,0,0,0,0,0,0,0,0,0,0,0,0,0,0,0,0,0,0,0,0,0,4,0,0,0
"A1532","A15","4","4","margin","30","sugar_cane",0,0,0,0,0,0,0,0,448,0,0,0,0,0,1,0,0,0,0,0,0,0,0,0,0,4,0,0,1,0,0,0,1,0,0,0
"B0132","B01","4","4","margin","120","control",0,0,0,0,0,1,0,0,65,0,4,0,0,0,0,0,0,0,0,0,0,8,0,1,0,5,0,0,0,0,0,0,13,0,0,0
"B0232","B02","4","4","margin","120","pasture",0,0,0,0,0,0,0,0,18,0,0,0,0,0,0,0,0,0,0,0,0,0,0,0,0,3,0,0,0,0,0,0,0,0,0,0
"B0332","B03","4","4","margin","120","sugar_cane",0,0,0,0,0,0,2,0,170,0,0,0,0,0,0,0,0,0,0,0,0,1,0,0,0,1,0,0,0,0,0,0,3,0,0,0
"B0432","B04","4","4","margin","120","control",0,0,0,0,0,0,0,0,14,0,0,0,0,0,0,0,0,0,0,0,0,1,0,0,0,4,0,0,0,0,0,0,10,0,0,0
"B0532","B05","4","4","margin","120","pasture",0,0,0,0,0,0,0,0,30,0,0,0,0,0,3,0,0,0,0,0,0,5,0,0,0,6,0,0,0,0,0,0,5,0,0,0
"B0632","B06","4","4","margin","120","sugar_cane",0,0,0,0,0,0,0,0,11,0,0,0,0,0,0,0,0,0,0,0,0,2,0,0,0,3,0,0,0,0,0,0,2,0,0,0
"B0732","B07","4","4","margin","120","control",0,0,0,0,0,0,0,0,78,0,0,0,0,0,0,0,0,0,0,0,0,6,0,0,0,5,0,0,0,0,0,0,2,0,0,0
"B0832","B08","4","4","margin","120","pasture",0,0,0,0,0,0,0,0,6,0,0,0,0,0,0,0,0,0,0,0,0,9,0,1,0,3,0,0,0,0,0,0,1,0,0,0
"B0932","B09","4","4","margin","120","sugar_cane",0,0,0,0,0,0,0,0,98,0,0,0,0,0,2,0,0,0,0,0,0,4,0,0,0,6,0,0,0,0,0,0,5,0,0,0
"B1032","B10","4","4","margin","120","control",0,0,0,0,0,0,0,0,65,0,0,0,0,0,1,0,0,0,0,0,0,1,0,0,0,2,0,0,0,0,0,0,4,0,0,0
"B1132","B11","4","4","margin","120","pasture",0,0,0,1,1,0,0,0,57,0,0,0,0,0,1,0,0,0,0,0,0,2,0,0,0,5,0,0,0,0,0,0,1,0,0,0
"B1232","B12","4","4","margin","120","sugar_cane",0,0,0,0,0,0,0,0,0,0,0,0,0,0,0,0,0,0,0,0,0,1,0,0,0,2,0,0,0,0,0,0,0,0,0,0
"B1332","B13","4","4","margin","120","control",0,0,0,2,0,0,0,0,10,0,0,0,0,0,0,0,0,0,0,0,0,13,0,0,0,0,0,0,0,0,0,0,5,0,0,0
"B1432","B14","4","4","margin","120","pasture",0,0,0,0,0,3,0,0,11,0,0,1,0,0,0,0,0,0,0,0,0,0,0,0,0,1,0,0,0,0,0,0,0,0,0,0
"B1532","B15","4","4","margin","120","sugar_cane",0,0,0,0,0,0,0,0,4,0,2,0,0,0,0,0,0,0,0,0,0,0,0,0,0,2,0,0,0,0,0,0,6,0,0,0
"C0132","C01","4","4","margin","480","control",0,0,0,0,0,0,0,0,195,0,1,0,0,0,0,0,0,0,0,0,0,0,0,0,0,5,0,0,0,0,0,0,3,0,0,0
"C0232","C02","4","4","margin","480","pasture",0,0,0,0,0,0,0,0,289,0,0,0,0,0,0,0,0,0,0,0,0,0,0,0,0,5,0,0,0,0,0,0,3,0,0,0
"C0332","C03","4","4","margin","480","sugar_cane",0,0,0,0,0,0,0,0,76,0,0,0,0,0,0,0,0,0,0,0,0,1,0,0,0,1,0,0,0,0,3,0,5,0,0,0
"C0432","C04","4","4","margin","480","control",0,0,0,0,0,0,0,0,130,0,0,0,0,0,0,0,0,0,0,0,0,7,0,0,0,1,0,0,0,0,0,0,7,0,0,0
"C0532","C05","4","4","margin","480","pasture",0,0,0,0,0,0,0,0,17,0,0,0,0,0,0,0,0,0,0,0,0,1,0,1,0,9,0,0,0,0,0,0,8,0,0,0
"C0632","C06","4","4","margin","480","sugar_cane",0,0,0,0,0,0,0,0,61,0,4,0,0,0,0,0,0,0,0,0,0,0,0,0,0,4,0,0,0,0,0,0,9,0,0,0
"C0732","C07","4","4","margin","480","control",0,0,0,0,0,0,0,0,14,0,0,0,0,0,0,0,0,0,0,0,0,1,0,0,0,4,0,0,0,0,0,0,0,0,0,0
"C0832","C08","4","4","margin","480","pasture",0,0,0,0,0,0,0,0,275,0,0,0,0,0,0,0,0,0,0,0,0,2,0,0,0,4,0,0,0,0,0,0,3,0,0,0
"C0932","C09","4","4","margin","480","sugar_cane",0,0,0,0,0,0,0,0,3,0,0,0,0,0,0,0,0,0,0,0,0,25,0,0,0,1,0,0,0,0,0,0,0,0,0,0
"C1032","C10","4","4","margin","480","control",0,0,0,0,0,0,0,0,34,0,0,0,0,0,1,0,0,0,0,0,0,2,0,0,0,3,0,0,0,0,0,0,2,0,0,0
"C1132","C11","4","4","margin","480","pasture",0,0,0,0,0,0,0,0,0,0,0,0,0,0,0,0,0,0,0,0,0,0,0,3,0,3,0,0,0,0,2,0,1,0,0,0
"C1232","C12","4","4","margin","480","sugar_cane",0,0,0,0,0,0,0,0,10,0,0,0,0,0,2,0,0,0,0,0,0,0,0,0,0,12,0,0,0,0,0,0,6,0,0,0
"C1332","C13","4","4","margin","480","control",0,0,0,0,0,0,0,0,187,0,1,0,0,0,0,0,0,0,0,0,0,0,0,1,0,2,0,0,0,0,0,0,5,0,0,0
"C1432","C14","4","4","margin","480","pasture",0,0,0,0,0,0,0,0,196,0,1,0,0,0,0,0,0,0,0,0,0,2,0,0,0,9,0,0,0,0,0,0,6,0,0,0
"C1532","C15","4","4","margin","480","sugar_cane",0,0,0,0,0,0,0,0,2,0,0,0,0,0,0,0,0,0,0,0,0,4,0,1,0,7,0,0,0,0,0,0,3,0,0,0
